,name,w500,w400,w700,Iw700,Iw500,regvar,italvar,w300,Iw300,w800,w900,Cw700,Cw500,Cw300,Cw800,Kw500,Kw700,Kw300,w100,w200,w600,Iw200,Iw100,Iw600,Iw800,Iw900,convar,kvar,Iw400,Cw100,Cw200,Cw400,Cw600,Cw900,Kw100,Kw200,Kw400,Kw600,Kw800,Kw900,Height,HeightMismatch,Id
0,Abyssinica SIL,/usr/share/fonts/truetype/abyssinica/AbyssinicaSIL-Regular.ttf,-,-,-,-,-,-,-,-,-,-,-,-,-,-,-,-,-,-,-,-,-,-,-,-,-,-,-,-,-,-,-,-,-,-,-,-,-,-,-,9.0,False,2
1,Affordable Afterlife DEMO,/usr/local/share/fonts/AffordableAfterlifeDEMO-Regular.otf,-,-,-,-,-,-,-,-,-,-,-,-,-,-,-,-,-,-,-,-,-,-,-,-,-,-,-,-,-,-,-,-,-,-,-,-,-,-,-,9.0,False,3
2,Aierbazzi,/usr/local/share/fonts/aierbazzi.ttf,-,-,-,-,-,-,-,-,-,-,-,-,-,-,-,-,-,-,-,-,-,-,-,-,-,-,-,-,-,-,-,-,-,-,-,-,-,-,-,9.0,False,4
3,Alphabet of the Magi,/usr/local/share/fonts/ALPMAGI.TTF,-,-,-,-,-,-,-,-,-,-,-,-,-,-,-,-,-,-,-,-,-,-,-,-,-,-,-,-,-,-,-,-,-,-,-,-,-,-,-,14.0,False,5
4,Amika Blackletter Free Font,/usr/local/share/fonts/Amika Blackletter Free Font.ttf,-,-,-,-,-,-,-,-,-,-,-,-,-,-,-,-,-,-,-,-,-,-,-,-,-,-,-,-,-,-,-,-,-,-,-,-,-,-,-,11.0,False,6
5,Anathema,/usr/local/share/fonts/Anathema.ttf,-,-,-,-,-,-,-,-,-,-,-,-,-,-,-,-,-,-,-,-,-,-,-,-,-,-,-,-,-,-,-,-,-,-,-,-,-,-,-,12.0,False,7
6,Andale Mono,-,/usr/share/fonts/truetype/msttcorefonts/andalemo.ttf,-,-,-,-,-,-,-,-,-,-,-,-,-,-,-,-,-,-,-,-,-,-,-,-,-,-,-,-,-,-,-,-,-,-,-,-,-,-,9.0,False,8
7,Ani,/usr/share/fonts/truetype/fonts-beng-extra/Ani.ttf,-,-,-,-,-,-,-,-,-,-,-,-,-,-,-,-,-,-,-,-,-,-,-,-,-,-,-,-,-,-,-,-,-,-,-,-,-,-,-,13.0,False,9
8,AnjaliOldLipi,/usr/share/fonts/truetype/malayalam/AnjaliOldLipi-Regular.ttf,-,-,-,-,-,-,-,-,-,-,-,-,-,-,-,-,-,-,-,-,-,-,-,-,-,-,-,-,-,-,-,-,-,-,-,-,-,-,-,10.0,False,10
9,Anonymous Pro,/usr/local/share/fonts/AnonymousPro-Regular.ttf,-,/usr/local/share/fonts/AnonymousPro-Bold.ttf,/usr/local/share/fonts/AnonymousPro-BoldItalic.ttf,/usr/local/share/fonts/AnonymousPro-Italic.ttf,-,-,-,-,-,-,-,-,-,-,-,-,-,-,-,-,-,-,-,-,-,-,-,-,-,-,-,-,-,-,-,-,-,-,-,10.0,True,11
10,Arial,-,/usr/share/fonts/truetype/msttcorefonts/Arial.ttf,/usr/share/fonts/truetype/msttcorefonts/Arial_Bold.ttf,/usr/share/fonts/truetype/msttcorefonts/arialbi.ttf,/usr/share/fonts/truetype/msttcorefonts/ariali.ttf,-,-,-,-,-,-,-,-,-,-,-,-,-,-,-,-,-,-,-,-,-,-,-,-,-,-,-,-,-,-,-,-,-,-,-,9.0,False,12
11,Arial Black,-,/usr/share/fonts/truetype/msttcorefonts/Arial_Black.ttf,-,-,-,-,-,-,-,-,-,-,-,-,-,-,-,-,-,-,-,-,-,-,-,-,-,-,-,-,-,-,-,-,-,-,-,-,-,-,9.0,False,13
12,Authentic,/usr/local/share/fonts/Authentic Signature.otf,-,-,-,-,-,-,-,-,-,-,-,-,-,-,-,-,-,-,-,-,-,-,-,-,-,-,-,-,-,-,-,-,-,-,-,-,-,-,-,12.0,False,14
13,Azeret Mono,-,-,-,-,-,/usr/local/share/fonts/AzeretMono-VariableFont_wght.ttf,/usr/local/share/fonts/AzeretMono-Italic-VariableFont_wght.ttf,-,-,-,-,-,-,-,-,-,-,-,-,-,-,-,-,-,-,-,-,-,-,-,-,-,-,-,-,-,-,-,-,-,10.0,False,15
14,Bitstream Charter,/usr/share/fonts/X11/Type1/c0648bt_.pfb,-,/usr/share/fonts/X11/Type1/c0632bt_.pfb,/usr/share/fonts/X11/Type1/c0633bt_.pfb,/usr/share/fonts/X11/Type1/c0649bt_.pfb,-,-,-,-,-,-,-,-,-,-,-,-,-,-,-,-,-,-,-,-,-,-,-,-,-,-,-,-,-,-,-,-,-,-,-,11.0,False,16
15,Blacker Script-Personal use,/usr/local/share/fonts/Blacker Script.ttf,-,-,-,-,-,-,-,-,-,-,-,-,-,-,-,-,-,-,-,-,-,-,-,-,-,-,-,-,-,-,-,-,-,-,-,-,-,-,-,14.0,False,17
16,Blood Crow,/usr/local/share/fonts/bloodcrow.ttf,-,-,-,-,-,-,-,-,-,-,-,-,-,-,-,-,-,-,-,-,-,-,-,-,-,-,-,-,-,-,-,-,-,-,-,-,-,-,-,10.0,False,18
17,Bradley Hand ITC,-,/usr/local/share/fonts/bradley-hand-itc.ttf,-,-,-,-,-,-,-,-,-,-,-,-,-,-,-,-,-,-,-,-,-,-,-,-,-,-,-,-,-,-,-,-,-,-,-,-,-,-,12.0,False,19
18,Brains Courage Demo,/usr/local/share/fonts/Brains Courage Demo.otf,-,-,-,-,-,-,-,-,-,-,-,-,-,-,-,-,-,-,-,-,-,-,-,-,-,-,-,-,-,-,-,-,-,-,-,-,-,-,-,10.0,False,20
19,Breathney Demo,/usr/local/share/fonts/Breathney Demo.ttf,-,-,-,-,-,-,-,-,-,-,-,-,-,-,-,-,-,-,-,-,-,-,-,-,-,-,-,-,-,-,-,-,-,-,-,-,-,-,-,28.0,False,21
20,C059,/usr/share/fonts/type1/urw-base35/C059-Roman.t1,-,/usr/share/fonts/opentype/urw-base35/C059-Bold.otf,/usr/share/fonts/type1/urw-base35/C059-BdIta.t1,/usr/share/fonts/type1/urw-base35/C059-Italic.t1,-,-,-,-,-,-,-,-,-,-,-,-,-,-,-,-,-,-,-,-,-,-,-,-,-,-,-,-,-,-,-,-,-,-,-,10.0,False,22
21,Casual Sketchy,/usr/local/share/fonts/Casual Sketchy.ttf,-,-,-,-,-,-,-,-,-,-,-,-,-,-,-,-,-,-,-,-,-,-,-,-,-,-,-,-,-,-,-,-,-,-,-,-,-,-,-,10.0,False,23
22,Celtic Garamond the 2nd,/usr/local/share/fonts/CELTG___.TTF,-,-,-,-,-,-,-,-,-,-,-,-,-,-,-,-,-,-,-,-,-,-,-,-,-,-,-,-,-,-,-,-,-,-,-,-,-,-,-,13.0,False,24
23,Century Schoolbook L,/usr/share/fonts/type1/gsfonts/c059013l.pfb,-,/usr/share/fonts/type1/gsfonts/c059016l.pfb,/usr/share/fonts/type1/gsfonts/c059036l.pfb,/usr/share/fonts/type1/gsfonts/c059033l.pfb,-,-,-,-,-,-,-,-,-,-,-,-,-,-,-,-,-,-,-,-,-,-,-,-,-,-,-,-,-,-,-,-,-,-,-,10.0,False,25
24,Chandas,/usr/share/fonts/truetype/fonts-deva-extra/chandas1-2.ttf,-,-,-,-,-,-,-,-,-,-,-,-,-,-,-,-,-,-,-,-,-,-,-,-,-,-,-,-,-,-,-,-,-,-,-,-,-,-,-,10.0,False,26
25,Chilanka,/usr/share/fonts/opentype/malayalam/Chilanka-Regular.otf,-,-,-,-,-,-,-,-,-,-,-,-,-,-,-,-,-,-,-,-,-,-,-,-,-,-,-,-,-,-,-,-,-,-,-,-,-,-,-,12.0,False,27
26,Comfortaa,-,-,-,-,-,/usr/local/share/fonts/Comfortaa-VariableFont_wght.ttf,-,-,-,-,-,-,-,-,-,-,-,-,-,-,-,-,-,-,-,-,-,-,-,-,-,-,-,-,-,-,-,-,-,-,11.0,False,28
27,Comic Neue,/usr/local/share/fonts/ComicNeue-Regular.ttf,-,/usr/local/share/fonts/ComicNeue-Bold.ttf,/usr/local/share/fonts/ComicNeue-BoldItalic.ttf,/usr/local/share/fonts/ComicNeue-Italic.ttf,-,-,/usr/local/share/fonts/ComicNeue-Light.ttf,/usr/local/share/fonts/ComicNeue-LightItalic.ttf,-,-,-,-,-,-,-,-,-,-,-,-,-,-,-,-,-,-,-,-,-,-,-,-,-,-,-,-,-,-,-,10.0,True,29
28,Comic Sans MS,-,/usr/share/fonts/truetype/msttcorefonts/Comic_Sans_MS.ttf,/usr/share/fonts/truetype/msttcorefonts/Comic_Sans_MS_Bold.ttf,-,-,-,-,-,-,-,-,-,-,-,-,-,-,-,-,-,-,-,-,-,-,-,-,-,-,-,-,-,-,-,-,-,-,-,-,-,12.0,True,30
29,Courier 10 Pitch,/usr/share/fonts/X11/Type1/c0419bt_.pfb,-,/usr/share/fonts/X11/Type1/c0583bt_.pfb,/usr/share/fonts/X11/Type1/c0611bt_.pfb,/usr/share/fonts/X11/Type1/c0582bt_.pfb,-,-,-,-,-,-,-,-,-,-,-,-,-,-,-,-,-,-,-,-,-,-,-,-,-,-,-,-,-,-,-,-,-,-,-,10.0,False,31
30,Courier New,-,/usr/share/fonts/truetype/msttcorefonts/cour.ttf,/usr/share/fonts/truetype/msttcorefonts/Courier_New_Bold.ttf,/usr/share/fonts/truetype/msttcorefonts/Courier_New_Bold_Italic.ttf,/usr/share/fonts/truetype/msttcorefonts/couri.ttf,-,-,-,-,-,-,-,-,-,-,-,-,-,-,-,-,-,-,-,-,-,-,-,-,-,-,-,-,-,-,-,-,-,-,-,8.0,False,32
31,Dancing Script,-,-,-,-,-,/usr/local/share/fonts/DancingScript-VariableFont_wght.ttf,-,-,-,-,-,-,-,-,-,-,-,-,-,-,-,-,-,-,-,-,-,-,-,-,-,-,-,-,-,-,-,-,-,-,11.0,False,33
32,DejaVu Sans,/usr/share/fonts/truetype/dejavu/DejaVuSans.ttf,-,/usr/share/fonts/truetype/dejavu/DejaVuSans-Bold.ttf,-,-,-,-,-,-,-,-,-,-,-,-,-,-,-,-,-,-,-,-,-,-,-,-,-,-,-,-,-,-,-,-,-,-,-,-,-,10.0,False,34
33,DejaVu Sans Mono,/usr/share/fonts/truetype/dejavu/DejaVuSansMono.ttf,-,/usr/share/fonts/truetype/dejavu/DejaVuSansMono-Bold.ttf,-,-,-,-,-,-,-,-,-,-,-,-,-,-,-,-,-,-,-,-,-,-,-,-,-,-,-,-,-,-,-,-,-,-,-,-,-,10.0,False,35
34,DejaVu Serif,/usr/share/fonts/truetype/dejavu/DejaVuSerif.ttf,-,/usr/share/fonts/truetype/dejavu/DejaVuSerif-Bold.ttf,-,-,-,-,-,-,-,-,-,-,-,-,-,-,-,-,-,-,-,-,-,-,-,-,-,-,-,-,-,-,-,-,-,-,-,-,-,10.0,False,36
35,Deutsch Gothic,-,/usr/local/share/fonts/Deutsch.ttf,-,-,-,-,-,-,-,-,-,-,-,-,-,-,-,-,-,-,-,-,-,-,-,-,-,-,-,-,-,-,-,-,-,-,-,-,-,-,11.0,False,37
36,Dhurjati,/usr/share/fonts/truetype/teluguvijayam/dhurjati.ttf,-,-,-,-,-,-,-,-,-,-,-,-,-,-,-,-,-,-,-,-,-,-,-,-,-,-,-,-,-,-,-,-,-,-,-,-,-,-,-,9.0,False,38
37,DosEquis,/usr/local/share/fonts/DOSEQUIS.TTF,-,-,-,-,-,-,-,-,-,-,-,-,-,-,-,-,-,-,-,-,-,-,-,-,-,-,-,-,-,-,-,-,-,-,-,-,-,-,-,8.0,False,39
38,Droid Sans Fallback,/usr/share/fonts/truetype/droid/DroidSansFallbackFull.ttf,-,-,-,-,-,-,-,-,-,-,-,-,-,-,-,-,-,-,-,-,-,-,-,-,-,-,-,-,-,-,-,-,-,-,-,-,-,-,-,8.0,False,40
39,Dyuthi,/usr/share/fonts/truetype/malayalam/Dyuthi-Regular.ttf,-,-,-,-,-,-,-,-,-,-,-,-,-,-,-,-,-,-,-,-,-,-,-,-,-,-,-,-,-,-,-,-,-,-,-,-,-,-,-,11.0,False,41
40,EB Garamond,-,-,-,-,-,/usr/local/share/fonts/EBGaramond-VariableFont_wght.ttf,/usr/local/share/fonts/EBGaramond-Italic-VariableFont_wght.ttf,-,-,-,-,-,-,-,-,-,-,-,-,-,-,-,-,-,-,-,-,-,-,-,-,-,-,-,-,-,-,-,-,-,11.0,False,42
41,Enchanted Land,/usr/local/share/fonts/Enchanted Land.otf,-,-,-,-,-,-,-,-,-,-,-,-,-,-,-,-,-,-,-,-,-,-,-,-,-,-,-,-,-,-,-,-,-,-,-,-,-,-,-,12.0,False,43
42,FontAwesome,/usr/share/fonts/truetype/font-awesome/fontawesome-webfont.ttf,-,-,-,-,-,-,-,-,-,-,-,-,-,-,-,-,-,-,-,-,-,-,-,-,-,-,-,-,-,-,-,-,-,-,-,-,-,-,-,9.0,False,44
43,Frank Ruhl Libre,-,-,-,-,-,/usr/local/share/fonts/FrankRuhlLibre-VariableFont_wght.ttf,-,-,-,-,-,-,-,-,-,-,-,-,-,-,-,-,-,-,-,-,-,-,-,-,-,-,-,-,-,-,-,-,-,-,11.0,False,45
44,FreeMono,-,/usr/share/fonts/truetype/freefont/FreeMono.ttf,/usr/share/fonts/truetype/freefont/FreeMonoBold.ttf,/usr/share/fonts/truetype/freefont/FreeMonoBoldOblique.ttf,/usr/share/fonts/truetype/freefont/FreeMonoOblique.ttf,-,-,-,-,-,-,-,-,-,-,-,-,-,-,-,-,-,-,-,-,-,-,-,-,-,-,-,-,-,-,-,-,-,-,-,9.0,False,46
45,FreeSans,-,/usr/share/fonts/truetype/freefont/FreeSans.ttf,/usr/share/fonts/truetype/freefont/FreeSansBold.ttf,/usr/share/fonts/truetype/freefont/FreeSansBoldOblique.ttf,/usr/share/fonts/truetype/freefont/FreeSansOblique.ttf,-,-,-,-,-,-,-,-,-,-,-,-,-,-,-,-,-,-,-,-,-,-,-,-,-,-,-,-,-,-,-,-,-,-,-,11.0,False,47
46,FreeSerif,-,/usr/share/fonts/truetype/freefont/FreeSerif.ttf,/usr/share/fonts/truetype/freefont/FreeSerifBold.ttf,/usr/share/fonts/truetype/freefont/FreeSerifBoldItalic.ttf,/usr/share/fonts/truetype/freefont/FreeSerifItalic.ttf,-,-,-,-,-,-,-,-,-,-,-,-,-,-,-,-,-,-,-,-,-,-,-,-,-,-,-,-,-,-,-,-,-,-,-,10.0,False,48
47,Futura,/usr/local/share/fonts/Futura Medium.otf,-,/usr/local/share/fonts/Futura Heavy.otf,/usr/local/share/fonts/Futura BoldItalic.ttf,/usr/local/share/fonts/Futura Italic.ttf,-,-,/usr/local/share/fonts/Futura Light Condensed.otf,-,/usr/local/share/fonts/Futura Condensed ExtraBold.ttf,/usr/local/share/fonts/Futura Black.ttf,/usr/local/share/fonts/Futura Bold Condensed.otf,/usr/local/share/fonts/Futura Condensed.ttf,/usr/local/share/fonts/Futura Light Condensed.otf,/usr/local/share/fonts/Futura Condensed ExtraBold.ttf,/usr/local/share/fonts/Futura Medium Condensed Oblique.otf,/usr/local/share/fonts/Futura Bold Condensed Oblique.otf,/usr/local/share/fonts/Futura Light Condensed Oblique.otf,-,-,-,-,-,-,-,-,-,-,-,-,-,-,-,-,-,-,-,-,-,-,12.0,True,49
48,GLYPHICONS Halflings,/usr/share/fonts/truetype/glyphicons/glyphicons-halflings-regular.ttf,-,-,-,-,-,-,-,-,-,-,-,-,-,-,-,-,-,-,-,-,-,-,-,-,-,-,-,-,-,-,-,-,-,-,-,-,-,-,-,7.0,False,50
49,Gargi,/usr/share/fonts/truetype/Gargi/Gargi.ttf,-,-,-,-,-,-,-,-,-,-,-,-,-,-,-,-,-,-,-,-,-,-,-,-,-,-,-,-,-,-,-,-,-,-,-,-,-,-,-,10.0,False,51
50,Garuda,/usr/share/fonts/truetype/tlwg/Garuda.ttf,-,/usr/share/fonts/truetype/tlwg/Garuda-Bold.ttf,/usr/share/fonts/truetype/tlwg/Garuda-BoldOblique.ttf,/usr/share/fonts/truetype/tlwg/Garuda-Oblique.ttf,-,-,-,-,-,-,-,-,-,-,-,-,-,-,-,-,-,-,-,-,-,-,-,-,-,-,-,-,-,-,-,-,-,-,-,9.0,False,52
51,Gayathri,/usr/share/fonts/opentype/malayalam/Gayathri-Regular.otf,-,/usr/share/fonts/opentype/malayalam/Gayathri-Bold.otf,-,-,-,-,-,-,-,-,-,-,-,-,-,-,-,/usr/share/fonts/opentype/malayalam/Gayathri-Thin.otf,-,-,-,-,-,-,-,-,-,-,-,-,-,-,-,-,-,-,-,-,-,9.0,False,53
52,Georgia,-,/usr/share/fonts/truetype/msttcorefonts/Georgia.ttf,/usr/share/fonts/truetype/msttcorefonts/georgiab.ttf,/usr/share/fonts/truetype/msttcorefonts/georgiaz.ttf,/usr/share/fonts/truetype/msttcorefonts/georgiai.ttf,-,-,-,-,-,-,-,-,-,-,-,-,-,-,-,-,-,-,-,-,-,-,-,-,-,-,-,-,-,-,-,-,-,-,-,10.0,False,54
53,Gidugu,/usr/share/fonts/truetype/teluguvijayam/Gidugu.ttf,-,-,-,-,-,-,-,-,-,-,-,-,-,-,-,-,-,-,-,-,-,-,-,-,-,-,-,-,-,-,-,-,-,-,-,-,-,-,-,7.0,False,55
54,Gilda Display,/usr/local/share/fonts/GildaDisplay-Regular.ttf,-,-,-,-,-,-,-,-,-,-,-,-,-,-,-,-,-,-,-,-,-,-,-,-,-,-,-,-,-,-,-,-,-,-,-,-,-,-,-,11.0,False,56
55,Gloria Hallelujah,/usr/local/share/fonts/GloriaHallelujah-Regular.ttf,-,-,-,-,-,-,-,-,-,-,-,-,-,-,-,-,-,-,-,-,-,-,-,-,-,-,-,-,-,-,-,-,-,-,-,-,-,-,-,18.0,False,57
56,Gorewild,/usr/local/share/fonts/Gorewild.ttf,-,-,-,-,-,-,-,-,-,-,-,-,-,-,-,-,-,-,-,-,-,-,-,-,-,-,-,-,-,-,-,-,-,-,-,-,-,-,-,14.0,False,58
57,Great Vibes,/usr/local/share/fonts/GreatVibes-Regular.ttf,-,-,-,-,-,-,-,-,-,-,-,-,-,-,-,-,-,-,-,-,-,-,-,-,-,-,-,-,-,-,-,-,-,-,-,-,-,-,-,15.0,False,59
58,Gubbi,-,/usr/share/fonts/truetype/Gubbi/Gubbi.ttf,-,-,-,-,-,-,-,-,-,-,-,-,-,-,-,-,-,-,-,-,-,-,-,-,-,-,-,-,-,-,-,-,-,-,-,-,-,-,11.0,False,60
59,Gurajada,/usr/share/fonts/truetype/teluguvijayam/Gurajada.ttf,-,-,-,-,-,-,-,-,-,-,-,-,-,-,-,-,-,-,-,-,-,-,-,-,-,-,-,-,-,-,-,-,-,-,-,-,-,-,-,10.0,False,61
60,Halimah,/usr/local/share/fonts/Halimah.otf,-,-,-,-,-,-,-,-,-,-,-,-,-,-,-,-,-,-,-,-,-,-,-,-,-,-,-,-,-,-,-,-,-,-,-,-,-,-,-,13.0,False,62
61,Heartless,/usr/local/share/fonts/Heartless.ttf,-,-,-,-,-,-,-,-,-,-,-,-,-,-,-,-,-,-,-,-,-,-,-,-,-,-,-,-,-,-,-,-,-,-,-,-,-,-,-,12.0,False,63
62,Heebo,-,-,-,-,-,/usr/local/share/fonts/Heebo-VariableFont_wght.ttf,-,-,-,-,-,-,-,-,-,-,-,-,-,-,-,-,-,-,-,-,-,-,-,-,-,-,-,-,-,-,-,-,-,-,12.0,False,64
63,Help Me,/usr/local/share/fonts/HelpMe.ttf,-,-,-,-,-,-,-,-,-,-,-,-,-,-,-,-,-,-,-,-,-,-,-,-,-,-,-,-,-,-,-,-,-,-,-,-,-,-,-,12.0,False,65
64,IBM Plex Mono,/usr/local/share/fonts/IBMPlexMono-Medium.ttf,-,/usr/local/share/fonts/IBMPlexMono-Bold.ttf,/usr/local/share/fonts/IBMPlexMono-BoldItalic.ttf,/usr/local/share/fonts/IBMPlexMono-Italic.ttf,-,-,/usr/local/share/fonts/IBMPlexMono-Light.ttf,/usr/local/share/fonts/IBMPlexMono-LightItalic.ttf,-,-,-,-,-,-,-,-,-,/usr/local/share/fonts/IBMPlexMono-Thin.ttf,/usr/local/share/fonts/IBMPlexMono-ExtraLight.ttf,/usr/local/share/fonts/IBMPlexMono-SemiBold.ttf,/usr/local/share/fonts/IBMPlexMono-ExtraLightItalic.ttf,/usr/local/share/fonts/IBMPlexMono-ThinItalic.ttf,/usr/local/share/fonts/IBMPlexMono-SemiBoldItalic.ttf,-,-,-,-,-,-,-,-,-,-,-,-,-,-,-,-,10.0,False,66
65,IBM Plex Sans,/usr/local/share/fonts/IBMPlexSans-Medium.ttf,-,/usr/local/share/fonts/IBMPlexSans-Bold.ttf,/usr/local/share/fonts/IBMPlexSans-BoldItalic.ttf,/usr/local/share/fonts/IBMPlexSans-Italic.ttf,-,-,/usr/local/share/fonts/IBMPlexSans-Light.ttf,/usr/local/share/fonts/IBMPlexSans-LightItalic.ttf,-,-,-,-,-,-,-,-,-,/usr/local/share/fonts/IBMPlexSans-Thin.ttf,/usr/local/share/fonts/IBMPlexSans-ExtraLight.ttf,/usr/local/share/fonts/IBMPlexSans-SemiBold.ttf,/usr/local/share/fonts/IBMPlexSans-ExtraLightItalic.ttf,/usr/local/share/fonts/IBMPlexSans-ThinItalic.ttf,/usr/local/share/fonts/IBMPlexSans-SemiBoldItalic.ttf,-,-,-,-,-,-,-,-,-,-,-,-,-,-,-,-,10.0,False,67
66,Impact,-,/usr/share/fonts/truetype/msttcorefonts/Impact.ttf,-,-,-,-,-,-,-,-,-,-,-,-,-,-,-,-,-,-,-,-,-,-,-,-,-,-,-,-,-,-,-,-,-,-,-,-,-,-,9.0,False,68
67,Indie Flower,/usr/local/share/fonts/IndieFlower-Regular.ttf,-,-,-,-,-,-,-,-,-,-,-,-,-,-,-,-,-,-,-,-,-,-,-,-,-,-,-,-,-,-,-,-,-,-,-,-,-,-,-,14.0,False,69
68,Jamrul,-,/usr/share/fonts/truetype/fonts-beng-extra/JamrulNormal.ttf,-,-,-,-,-,-,-,-,-,-,-,-,-,-,-,-,-,-,-,-,-,-,-,-,-,-,-,-,-,-,-,-,-,-,-,-,-,-,10.0,False,70
69,KacstArt,/usr/share/fonts/truetype/kacst/KacstArt.ttf,-,-,-,-,-,-,-,-,-,-,-,-,-,-,-,-,-,-,-,-,-,-,-,-,-,-,-,-,-,-,-,-,-,-,-,-,-,-,-,7.0,False,71
70,KacstBook,/usr/share/fonts/truetype/kacst/KacstBook.ttf,-,-,-,-,-,-,-,-,-,-,-,-,-,-,-,-,-,-,-,-,-,-,-,-,-,-,-,-,-,-,-,-,-,-,-,-,-,-,-,7.0,False,72
71,KacstDecorative,/usr/share/fonts/truetype/kacst/KacstDecorative.ttf,-,-,-,-,-,-,-,-,-,-,-,-,-,-,-,-,-,-,-,-,-,-,-,-,-,-,-,-,-,-,-,-,-,-,-,-,-,-,-,9.0,False,73
72,KacstDigital,/usr/share/fonts/truetype/kacst/KacstDigital.ttf,-,-,-,-,-,-,-,-,-,-,-,-,-,-,-,-,-,-,-,-,-,-,-,-,-,-,-,-,-,-,-,-,-,-,-,-,-,-,-,7.0,False,74
73,KacstFarsi,/usr/share/fonts/truetype/kacst/KacstFarsi.ttf,-,-,-,-,-,-,-,-,-,-,-,-,-,-,-,-,-,-,-,-,-,-,-,-,-,-,-,-,-,-,-,-,-,-,-,-,-,-,-,7.0,False,75
74,KacstLetter,/usr/share/fonts/truetype/kacst/KacstLetter.ttf,-,-,-,-,-,-,-,-,-,-,-,-,-,-,-,-,-,-,-,-,-,-,-,-,-,-,-,-,-,-,-,-,-,-,-,-,-,-,-,7.0,False,76
75,KacstNaskh,/usr/share/fonts/truetype/kacst/KacstNaskh.ttf,-,-,-,-,-,-,-,-,-,-,-,-,-,-,-,-,-,-,-,-,-,-,-,-,-,-,-,-,-,-,-,-,-,-,-,-,-,-,-,7.0,False,77
76,KacstOffice,/usr/share/fonts/truetype/kacst/KacstOffice.ttf,-,-,-,-,-,-,-,-,-,-,-,-,-,-,-,-,-,-,-,-,-,-,-,-,-,-,-,-,-,-,-,-,-,-,-,-,-,-,-,7.0,False,78
77,KacstOne,/usr/share/fonts/truetype/kacst-one/KacstOne.ttf,-,/usr/share/fonts/truetype/kacst-one/KacstOne-Bold.ttf,-,-,-,-,-,-,-,-,-,-,-,-,-,-,-,-,-,-,-,-,-,-,-,-,-,-,-,-,-,-,-,-,-,-,-,-,-,9.0,False,79
78,KacstPen,/usr/share/fonts/truetype/kacst/KacstPen.ttf,-,-,-,-,-,-,-,-,-,-,-,-,-,-,-,-,-,-,-,-,-,-,-,-,-,-,-,-,-,-,-,-,-,-,-,-,-,-,-,7.0,False,80
79,KacstPoster,/usr/share/fonts/truetype/kacst/KacstPoster.ttf,-,-,-,-,-,-,-,-,-,-,-,-,-,-,-,-,-,-,-,-,-,-,-,-,-,-,-,-,-,-,-,-,-,-,-,-,-,-,-,7.0,False,81
80,KacstQurn,/usr/share/fonts/truetype/kacst/KacstQurn.ttf,-,-,-,-,-,-,-,-,-,-,-,-,-,-,-,-,-,-,-,-,-,-,-,-,-,-,-,-,-,-,-,-,-,-,-,-,-,-,-,7.0,False,82
81,KacstScreen,/usr/share/fonts/truetype/kacst/KacstScreen.ttf,-,-,-,-,-,-,-,-,-,-,-,-,-,-,-,-,-,-,-,-,-,-,-,-,-,-,-,-,-,-,-,-,-,-,-,-,-,-,-,7.0,False,83
82,KacstTitle,/usr/share/fonts/truetype/kacst/KacstTitle.ttf,-,-,-,-,-,-,-,-,-,-,-,-,-,-,-,-,-,-,-,-,-,-,-,-,-,-,-,-,-,-,-,-,-,-,-,-,-,-,-,7.0,False,84
83,KacstTitleL,/usr/share/fonts/truetype/kacst/KacstTitleL.ttf,-,-,-,-,-,-,-,-,-,-,-,-,-,-,-,-,-,-,-,-,-,-,-,-,-,-,-,-,-,-,-,-,-,-,-,-,-,-,-,7.0,False,85
84,Kalapi,/usr/share/fonts/truetype/fonts-kalapi/Kalapi.ttf,-,-,-,-,-,-,-,-,-,-,-,-,-,-,-,-,-,-,-,-,-,-,-,-,-,-,-,-,-,-,-,-,-,-,-,-,-,-,-,12.0,False,86
85,Kalimati,/usr/share/fonts/truetype/fonts-deva-extra/kalimati.ttf,-,-,-,-,-,-,-,-,-,-,-,-,-,-,-,-,-,-,-,-,-,-,-,-,-,-,-,-,-,-,-,-,-,-,-,-,-,-,-,10.0,False,87
86,Karumbi,/usr/share/fonts/truetype/malayalam/Karumbi-Regular.ttf,-,-,-,-,-,-,-,-,-,-,-,-,-,-,-,-,-,-,-,-,-,-,-,-,-,-,-,-,-,-,-,-,-,-,-,-,-,-,-,9.0,False,88
87,Keraleeyam,/usr/share/fonts/truetype/malayalam/Keraleeyam-Regular.ttf,-,-,-,-,-,-,-,-,-,-,-,-,-,-,-,-,-,-,-,-,-,-,-,-,-,-,-,-,-,-,-,-,-,-,-,-,-,-,-,10.0,False,89
88,Khmer OS,/usr/share/fonts/truetype/ttf-khmeros-core/KhmerOS.ttf,-,-,-,-,-,-,-,-,-,-,-,-,-,-,-,-,-,-,-,-,-,-,-,-,-,-,-,-,-,-,-,-,-,-,-,-,-,-,-,11.0,False,90
89,Khmer OS System,/usr/share/fonts/truetype/ttf-khmeros-core/KhmerOSsys.ttf,-,-,-,-,-,-,-,-,-,-,-,-,-,-,-,-,-,-,-,-,-,-,-,-,-,-,-,-,-,-,-,-,-,-,-,-,-,-,-,11.0,False,91
90,Kinnari,/usr/share/fonts/truetype/tlwg/Kinnari.ttf,-,/usr/share/fonts/truetype/tlwg/Kinnari-Bold.ttf,/usr/share/fonts/truetype/tlwg/Kinnari-BoldItalic.ttf,/usr/share/fonts/truetype/tlwg/Kinnari-Oblique.ttf,-,-,-,-,-,-,-,-,-,-,-,-,-,-,-,-,-,-,-,-,-,-,-,-,-,-,-,-,-,-,-,-,-,-,-,9.0,True,92
91,Kitisakkullian,/usr/local/share/fonts/Kitisakkullian.otf,-,-,-,-,-,-,-,-,-,-,-,-,-,-,-,-,-,-,-,-,-,-,-,-,-,-,-,-,-,-,-,-,-,-,-,-,-,-,-,11.0,False,93
92,LakkiReddy,/usr/share/fonts/truetype/teluguvijayam/LakkiReddy.ttf,-,-,-,-,-,-,-,-,-,-,-,-,-,-,-,-,-,-,-,-,-,-,-,-,-,-,-,-,-,-,-,-,-,-,-,-,-,-,-,8.0,False,94
93,Laksaman,/usr/share/fonts/truetype/tlwg/Laksaman.ttf,-,/usr/share/fonts/truetype/tlwg/Laksaman-Bold.ttf,/usr/share/fonts/truetype/tlwg/Laksaman-BoldItalic.ttf,/usr/share/fonts/truetype/tlwg/Laksaman-Italic.ttf,-,-,-,-,-,-,-,-,-,-,-,-,-,-,-,-,-,-,-,-,-,-,-,-,-,-,-,-,-,-,-,-,-,-,-,10.0,True,95
94,Liberation Mono,/usr/share/fonts/truetype/liberation/LiberationMono-Regular.ttf,-,/usr/share/fonts/truetype/liberation/LiberationMono-Bold.ttf,/usr/share/fonts/truetype/liberation2/LiberationMono-BoldItalic.ttf,/usr/share/fonts/truetype/liberation/LiberationMono-Italic.ttf,-,-,-,-,-,-,-,-,-,-,-,-,-,-,-,-,-,-,-,-,-,-,-,-,-,-,-,-,-,-,-,-,-,-,-,9.0,True,96
95,Liberation Sans,/usr/share/fonts/truetype/liberation2/LiberationSans-Regular.ttf,-,/usr/share/fonts/truetype/liberation/LiberationSans-Bold.ttf,/usr/share/fonts/truetype/liberation/LiberationSans-BoldItalic.ttf,/usr/share/fonts/truetype/liberation2/LiberationSans-Italic.ttf,-,-,-,-,-,-,-,-,-,-,-,-,-,-,-,-,-,-,-,-,-,-,-,-,-,-,-,-,-,-,-,-,-,-,-,9.0,True,97
96,Liberation Sans Narrow,/usr/share/fonts/truetype/liberation/LiberationSansNarrow-Regular.ttf,-,/usr/share/fonts/truetype/liberation/LiberationSansNarrow-Bold.ttf,/usr/share/fonts/truetype/liberation/LiberationSansNarrow-BoldItalic.ttf,/usr/share/fonts/truetype/liberation/LiberationSansNarrow-Italic.ttf,-,-,-,-,-,-,-,-,-,-,-,-,-,-,-,-,-,-,-,-,-,-,-,-,-,-,-,-,-,-,-,-,-,-,-,10.0,False,98
97,Liberation Serif,/usr/share/fonts/truetype/liberation/LiberationSerif-Regular.ttf,-,/usr/share/fonts/truetype/liberation2/LiberationSerif-Bold.ttf,/usr/share/fonts/truetype/liberation/LiberationSerif-BoldItalic.ttf,/usr/share/fonts/truetype/liberation2/LiberationSerif-Italic.ttf,-,-,-,-,-,-,-,-,-,-,-,-,-,-,-,-,-,-,-,-,-,-,-,-,-,-,-,-,-,-,-,-,-,-,-,9.0,True,99
98,Libre Baskerville,/usr/local/share/fonts/LibreBaskerville-Regular.ttf,-,/usr/local/share/fonts/LibreBaskerville-Bold.ttf,-,/usr/local/share/fonts/LibreBaskerville-Italic.ttf,-,-,-,-,-,-,-,-,-,-,-,-,-,-,-,-,-,-,-,-,-,-,-,-,-,-,-,-,-,-,-,-,-,-,-,13.0,True,100
99,Likhan,-,/usr/share/fonts/truetype/fonts-beng-extra/LikhanNormal.ttf,-,-,-,-,-,-,-,-,-,-,-,-,-,-,-,-,-,-,-,-,-,-,-,-,-,-,-,-,-,-,-,-,-,-,-,-,-,-,11.0,False,101
100,Lohit Assamese,/usr/share/fonts/truetype/lohit-assamese/Lohit-Assamese.ttf,-,-,-,-,-,-,-,-,-,-,-,-,-,-,-,-,-,-,-,-,-,-,-,-,-,-,-,-,-,-,-,-,-,-,-,-,-,-,-,12.0,False,102
101,Lohit Bengali,/usr/share/fonts/truetype/lohit-bengali/Lohit-Bengali.ttf,-,-,-,-,-,-,-,-,-,-,-,-,-,-,-,-,-,-,-,-,-,-,-,-,-,-,-,-,-,-,-,-,-,-,-,-,-,-,-,12.0,False,103
102,Lohit Devanagari,/usr/share/fonts/truetype/lohit-devanagari/Lohit-Devanagari.ttf,-,-,-,-,-,-,-,-,-,-,-,-,-,-,-,-,-,-,-,-,-,-,-,-,-,-,-,-,-,-,-,-,-,-,-,-,-,-,-,12.0,False,104
103,Lohit Gujarati,/usr/share/fonts/truetype/lohit-gujarati/Lohit-Gujarati.ttf,-,-,-,-,-,-,-,-,-,-,-,-,-,-,-,-,-,-,-,-,-,-,-,-,-,-,-,-,-,-,-,-,-,-,-,-,-,-,-,12.0,False,105
104,Lohit Gurmukhi,/usr/share/fonts/truetype/lohit-punjabi/Lohit-Gurmukhi.ttf,-,-,-,-,-,-,-,-,-,-,-,-,-,-,-,-,-,-,-,-,-,-,-,-,-,-,-,-,-,-,-,-,-,-,-,-,-,-,-,12.0,False,106
105,Lohit Kannada,/usr/share/fonts/truetype/lohit-kannada/Lohit-Kannada.ttf,-,-,-,-,-,-,-,-,-,-,-,-,-,-,-,-,-,-,-,-,-,-,-,-,-,-,-,-,-,-,-,-,-,-,-,-,-,-,-,13.0,False,107
106,Lohit Malayalam,/usr/share/fonts/truetype/lohit-malayalam/Lohit-Malayalam.ttf,-,-,-,-,-,-,-,-,-,-,-,-,-,-,-,-,-,-,-,-,-,-,-,-,-,-,-,-,-,-,-,-,-,-,-,-,-,-,-,7.0,False,108
107,Lohit Odia,/usr/share/fonts/truetype/lohit-oriya/Lohit-Odia.ttf,-,-,-,-,-,-,-,-,-,-,-,-,-,-,-,-,-,-,-,-,-,-,-,-,-,-,-,-,-,-,-,-,-,-,-,-,-,-,-,7.0,False,109
108,Lohit Tamil,/usr/share/fonts/truetype/lohit-tamil/Lohit-Tamil.ttf,-,-,-,-,-,-,-,-,-,-,-,-,-,-,-,-,-,-,-,-,-,-,-,-,-,-,-,-,-,-,-,-,-,-,-,-,-,-,-,12.0,False,110
109,Lohit Tamil Classical,/usr/share/fonts/truetype/lohit-tamil-classical/Lohit-Tamil-Classical.ttf,-,-,-,-,-,-,-,-,-,-,-,-,-,-,-,-,-,-,-,-,-,-,-,-,-,-,-,-,-,-,-,-,-,-,-,-,-,-,-,12.0,False,111
110,Lohit Telugu,/usr/share/fonts/truetype/lohit-telugu/Lohit-Telugu.ttf,-,-,-,-,-,-,-,-,-,-,-,-,-,-,-,-,-,-,-,-,-,-,-,-,-,-,-,-,-,-,-,-,-,-,-,-,-,-,-,12.0,False,112
111,Loma,/usr/share/fonts/truetype/tlwg/Loma.ttf,-,/usr/share/fonts/truetype/tlwg/Loma-Bold.ttf,/usr/share/fonts/truetype/tlwg/Loma-BoldOblique.ttf,/usr/share/fonts/truetype/tlwg/Loma-Oblique.ttf,-,-,-,-,-,-,-,-,-,-,-,-,-,-,-,-,-,-,-,-,-,-,-,-,-,-,-,-,-,-,-,-,-,-,-,10.0,True,113
112,Macondo,/usr/local/share/fonts/Macondo-Regular.ttf,-,-,-,-,-,-,-,-,-,-,-,-,-,-,-,-,-,-,-,-,-,-,-,-,-,-,-,-,-,-,-,-,-,-,-,-,-,-,-,11.0,False,114
113,Mallanna,/usr/share/fonts/truetype/teluguvijayam/mallanna.ttf,-,-,-,-,-,-,-,-,-,-,-,-,-,-,-,-,-,-,-,-,-,-,-,-,-,-,-,-,-,-,-,-,-,-,-,-,-,-,-,8.0,False,115
114,Mandali,/usr/share/fonts/truetype/teluguvijayam/Mandali-Regular.ttf,-,-,-,-,-,-,-,-,-,-,-,-,-,-,-,-,-,-,-,-,-,-,-,-,-,-,-,-,-,-,-,-,-,-,-,-,-,-,-,11.0,False,116
115,Manjari,/usr/share/fonts/opentype/malayalam/Manjari-Regular.otf,-,/usr/share/fonts/opentype/malayalam/Manjari-Bold.otf,-,-,-,-,-,-,-,-,-,-,-,-,-,-,-,/usr/share/fonts/opentype/malayalam/Manjari-Thin.otf,-,-,-,-,-,-,-,-,-,-,-,-,-,-,-,-,-,-,-,-,-,10.0,True,117
116,Margareta,/usr/local/share/fonts/Margareta.otf,-,-,-,-,-,-,-,-,-,-,-,-,-,-,-,-,-,-,-,-,-,-,-,-,-,-,-,-,-,-,-,-,-,-,-,-,-,-,-,18.0,False,118
117,MathJax_AMS,/usr/share/fonts/opentype/mathjax/MathJax_AMS-Regular.otf,-,-,-,-,-,-,-,-,-,-,-,-,-,-,-,-,-,-,-,-,-,-,-,-,-,-,-,-,-,-,-,-,-,-,-,-,-,-,-,10.0,False,119
118,MathJax_Caligraphic,/usr/share/fonts/opentype/mathjax/MathJax_Caligraphic-Regular.otf,-,/usr/share/fonts/opentype/mathjax/MathJax_Caligraphic-Bold.otf,-,-,-,-,-,-,-,-,-,-,-,-,-,-,-,-,-,-,-,-,-,-,-,-,-,-,-,-,-,-,-,-,-,-,-,-,-,10.0,True,120
119,MathJax_Fraktur,/usr/share/fonts/opentype/mathjax/MathJax_Fraktur-Regular.otf,-,/usr/share/fonts/opentype/mathjax/MathJax_Fraktur-Bold.otf,-,-,-,-,-,-,-,-,-,-,-,-,-,-,-,-,-,-,-,-,-,-,-,-,-,-,-,-,-,-,-,-,-,-,-,-,-,11.0,True,121
120,MathJax_Main,/usr/share/fonts/opentype/mathjax/MathJax_Main-Regular.otf,-,/usr/share/fonts/opentype/mathjax/MathJax_Main-Bold.otf,-,/usr/share/fonts/opentype/mathjax/MathJax_Main-Italic.otf,-,-,-,-,-,-,-,-,-,-,-,-,-,-,-,-,-,-,-,-,-,-,-,-,-,-,-,-,-,-,-,-,-,-,-,11.0,False,122
121,MathJax_Math,/usr/share/fonts/opentype/mathjax/MathJax_Math-Regular.otf,-,-,/usr/share/fonts/opentype/mathjax/MathJax_Math-BoldItalic.otf,/usr/share/fonts/opentype/mathjax/MathJax_Math-Italic.otf,-,-,-,-,-,-,-,-,-,-,-,-,-,-,-,-,-,-,-,-,-,-,-,-,-,-,-,-,-,-,-,-,-,-,-,10.0,False,123
122,MathJax_SansSerif,/usr/share/fonts/opentype/mathjax/MathJax_SansSerif-Regular.otf,-,/usr/share/fonts/opentype/mathjax/MathJax_SansSerif-Bold.otf,-,/usr/share/fonts/opentype/mathjax/MathJax_SansSerif-Italic.otf,-,-,-,-,-,-,-,-,-,-,-,-,-,-,-,-,-,-,-,-,-,-,-,-,-,-,-,-,-,-,-,-,-,-,-,11.0,False,124
123,MathJax_Script,/usr/share/fonts/opentype/mathjax/MathJax_Script-Regular.otf,-,-,-,-,-,-,-,-,-,-,-,-,-,-,-,-,-,-,-,-,-,-,-,-,-,-,-,-,-,-,-,-,-,-,-,-,-,-,-,11.0,False,125
124,MathJax_Size1,/usr/share/fonts/opentype/mathjax/MathJax_Size1-Regular.otf,-,-,-,-,-,-,-,-,-,-,-,-,-,-,-,-,-,-,-,-,-,-,-,-,-,-,-,-,-,-,-,-,-,-,-,-,-,-,-,13.0,False,126
125,MathJax_Size2,/usr/share/fonts/opentype/mathjax/MathJax_Size2-Regular.otf,-,-,-,-,-,-,-,-,-,-,-,-,-,-,-,-,-,-,-,-,-,-,-,-,-,-,-,-,-,-,-,-,-,-,-,-,-,-,-,19.0,False,127
126,MathJax_Size3,/usr/share/fonts/opentype/mathjax/MathJax_Size3-Regular.otf,-,-,-,-,-,-,-,-,-,-,-,-,-,-,-,-,-,-,-,-,-,-,-,-,-,-,-,-,-,-,-,-,-,-,-,-,-,-,-,25.0,False,128
127,MathJax_Size4,/usr/share/fonts/opentype/mathjax/MathJax_Size4-Regular.otf,-,-,-,-,-,-,-,-,-,-,-,-,-,-,-,-,-,-,-,-,-,-,-,-,-,-,-,-,-,-,-,-,-,-,-,-,-,-,-,31.0,False,129
128,MathJax_Typewriter,/usr/share/fonts/opentype/mathjax/MathJax_Typewriter-Regular.otf,-,-,-,-,-,-,-,-,-,-,-,-,-,-,-,-,-,-,-,-,-,-,-,-,-,-,-,-,-,-,-,-,-,-,-,-,-,-,-,10.0,False,130
129,MathJax_WinChrome,/usr/share/fonts/opentype/mathjax/MathJax_WinChrome-Regular.otf,-,-,-,-,-,-,-,-,-,-,-,-,-,-,-,-,-,-,-,-,-,-,-,-,-,-,-,-,-,-,-,-,-,-,-,-,-,-,-,9.0,False,131
130,MathJax_WinIE6,/usr/share/fonts/opentype/mathjax/MathJax_WinIE6-Regular.otf,-,-,-,-,-,-,-,-,-,-,-,-,-,-,-,-,-,-,-,-,-,-,-,-,-,-,-,-,-,-,-,-,-,-,-,-,-,-,-,6.0,False,132
131,Meera,/usr/share/fonts/truetype/malayalam/Meera-Regular.ttf,-,-,-,-,-,-,-,-,-,-,-,-,-,-,-,-,-,-,-,-,-,-,-,-,-,-,-,-,-,-,-,-,-,-,-,-,-,-,-,9.0,False,133
132,Mitra,/usr/share/fonts/truetype/fonts-beng-extra/MitraMono.ttf,-,-,-,-,-,-,-,-,-,-,-,-,-,-,-,-,-,-,-,-,-,-,-,-,-,-,-,-,-,-,-,-,-,-,-,-,-,-,-,11.0,False,134
133,Modern Thrash Demo,/usr/local/share/fonts/Modern Thrash Demo.otf,-,-,-,-,-,-,-,-,-,-,-,-,-,-,-,-,-,-,-,-,-,-,-,-,-,-,-,-,-,-,-,-,-,-,-,-,-,-,-,18.0,False,135
134,Modern Thrash Slant Demo,/usr/local/share/fonts/Modern Thrash Slant Demo.otf,-,-,-,-,-,-,-,-,-,-,-,-,-,-,-,-,-,-,-,-,-,-,-,-,-,-,-,-,-,-,-,-,-,-,-,-,-,-,-,17.0,False,136
135,Montserrat,-,-,-,-,-,/usr/local/share/fonts/Montserrat-VariableFont_wght.ttf,/usr/local/share/fonts/Montserrat-Italic-VariableFont_wght.ttf,-,-,-,-,-,-,-,-,-,-,-,-,-,-,-,-,-,-,-,-,-,-,-,-,-,-,-,-,-,-,-,-,-,10.0,False,137
136,Mukti,/usr/share/fonts/truetype/fonts-beng-extra/Mukti.ttf,-,/usr/share/fonts/truetype/fonts-beng-extra/Muktibold.ttf,-,-,-,-,-,-,-,-,-,-,-,-,-,-,-,-,-,-,-,-,-,-,-,-,-,-,-,-,-,-,-,-,-,-,-,-,-,11.0,True,138
137,NATS,/usr/share/fonts/truetype/teluguvijayam/NATS.ttf,-,-,-,-,-,-,-,-,-,-,-,-,-,-,-,-,-,-,-,-,-,-,-,-,-,-,-,-,-,-,-,-,-,-,-,-,-,-,-,9.0,False,139
138,NTR,/usr/share/fonts/truetype/teluguvijayam/NTR.ttf,-,-,-,-,-,-,-,-,-,-,-,-,-,-,-,-,-,-,-,-,-,-,-,-,-,-,-,-,-,-,-,-,-,-,-,-,-,-,-,13.0,False,140
139,Nakula,/usr/share/fonts/truetype/Nakula/nakula.ttf,-,-,-,-,-,-,-,-,-,-,-,-,-,-,-,-,-,-,-,-,-,-,-,-,-,-,-,-,-,-,-,-,-,-,-,-,-,-,-,9.0,False,141
140,Nature Boho,/usr/local/share/fonts/Nature Boho.otf,-,-,-,-,-,-,-,-,-,-,-,-,-,-,-,-,-,-,-,-,-,-,-,-,-,-,-,-,-,-,-,-,-,-,-,-,-,-,-,8.0,False,142
141,Navilu,-,/usr/share/fonts/truetype/Navilu/Navilu.ttf,-,-,-,-,-,-,-,-,-,-,-,-,-,-,-,-,-,-,-,-,-,-,-,-,-,-,-,-,-,-,-,-,-,-,-,-,-,-,11.0,False,143
142,Nimbus Mono L,/usr/share/fonts/type1/gsfonts/n022003l.pfb,-,/usr/share/fonts/type1/gsfonts/n022004l.pfb,/usr/share/fonts/type1/gsfonts/n022024l.pfb,/usr/share/fonts/type1/gsfonts/n022023l.pfb,-,-,-,-,-,-,-,-,-,-,-,-,-,-,-,-,-,-,-,-,-,-,-,-,-,-,-,-,-,-,-,-,-,-,-,10.0,False,144
143,Nimbus Mono PS,/usr/share/fonts/type1/urw-base35/NimbusMonoPS-Regular.t1,-,/usr/share/fonts/type1/urw-base35/NimbusMonoPS-Bold.t1,/usr/share/fonts/type1/urw-base35/NimbusMonoPS-BoldItalic.t1,/usr/share/fonts/type1/urw-base35/NimbusMonoPS-Italic.t1,-,-,-,-,-,-,-,-,-,-,-,-,-,-,-,-,-,-,-,-,-,-,-,-,-,-,-,-,-,-,-,-,-,-,-,9.0,False,145
144,Nimbus Roman,/usr/share/fonts/type1/urw-base35/NimbusRoman-Regular.t1,-,/usr/share/fonts/type1/urw-base35/NimbusRoman-Bold.t1,/usr/share/fonts/opentype/urw-base35/NimbusRoman-BoldItalic.otf,/usr/share/fonts/opentype/urw-base35/NimbusRoman-Italic.otf,-,-,-,-,-,-,-,-,-,-,-,-,-,-,-,-,-,-,-,-,-,-,-,-,-,-,-,-,-,-,-,-,-,-,-,11.0,True,146
145,Nimbus Roman No9 L,/usr/share/fonts/type1/gsfonts/n021003l.pfb,-,-,-,/usr/share/fonts/type1/gsfonts/n021023l.pfb,-,-,-,-,-,-,-,-,-,-,-,-,-,-,-,-,-,-,-,-,-,-,-,-,-,-,-,-,-,-,-,-,-,-,-,11.0,True,147
146,Nimbus Sans,/usr/share/fonts/type1/urw-base35/NimbusSans-Regular.t1,-,/usr/share/fonts/type1/urw-base35/NimbusSans-Bold.t1,/usr/share/fonts/type1/urw-base35/NimbusSans-BoldItalic.t1,/usr/share/fonts/type1/urw-base35/NimbusSans-Italic.t1,-,-,-,-,-,-,-,-,-,-,-,-,-,-,-,-,-,-,-,-,-,-,-,-,-,-,-,-,-,-,-,-,-,-,-,10.0,True,148
147,Nimbus Sans L,/usr/share/fonts/type1/gsfonts/n019003l.pfb,-,/usr/share/fonts/type1/gsfonts/n019004l.pfb,/usr/share/fonts/type1/gsfonts/n019024l.pfb,/usr/share/fonts/type1/gsfonts/n019023l.pfb,-,-,-,-,-,-,/usr/share/fonts/type1/gsfonts/n019044l.pfb,/usr/share/fonts/type1/gsfonts/n019043l.pfb,-,-,/usr/share/fonts/type1/gsfonts/n019063l.pfb,/usr/share/fonts/type1/gsfonts/n019064l.pfb,-,-,-,-,-,-,-,-,-,-,-,-,-,-,-,-,-,-,-,-,-,-,-,10.0,True,149
148,Nimbus Sans Narrow,/usr/share/fonts/type1/urw-base35/NimbusSansNarrow-Regular.t1,-,/usr/share/fonts/opentype/urw-base35/NimbusSansNarrow-Bold.otf,/usr/share/fonts/type1/urw-base35/NimbusSansNarrow-BoldOblique.t1,/usr/share/fonts/type1/urw-base35/NimbusSansNarrow-Oblique.t1,-,-,-,-,-,-,-,-,-,-,-,-,-,-,-,-,-,-,-,-,-,-,-,-,-,-,-,-,-,-,-,-,-,-,-,10.0,True,150
149,Norasi,/usr/share/fonts/truetype/tlwg/Norasi.ttf,-,/usr/share/fonts/truetype/tlwg/Norasi-Bold.ttf,/usr/share/fonts/truetype/tlwg/Norasi-BoldOblique.ttf,/usr/share/fonts/truetype/tlwg/Norasi-Italic.ttf,-,-,-,-,-,-,-,-,-,-,-,-,-,-,-,-,-,-,-,-,-,-,-,-,-,-,-,-,-,-,-,-,-,-,-,10.0,True,151
150,Noto Mono,/usr/share/fonts/truetype/noto/NotoMono-Regular.ttf,-,-,-,-,-,-,-,-,-,-,-,-,-,-,-,-,-,-,-,-,-,-,-,-,-,-,-,-,-,-,-,-,-,-,-,-,-,-,-,9.0,False,152
151,Noto Sans,-,-,-,-,-,"/usr/local/share/fonts/NotoSans-VariableFont_wdth,wght.ttf","/usr/local/share/fonts/NotoSans-Italic-VariableFont_wdth,wght.ttf",-,-,-,-,-,-,-,-,-,-,-,-,-,-,-,-,-,-,-,-,-,-,-,-,-,-,-,-,-,-,-,-,-,11.0,False,153
152,Noto Sans CJK HK,/usr/share/fonts/opentype/noto/NotoSansCJK-Regular.ttc,-,/usr/share/fonts/opentype/noto/NotoSansCJK-Bold.ttc,-,-,-,-,-,-,-,-,-,-,-,-,-,-,-,-,-,-,-,-,-,-,-,-,-,-,-,-,-,-,-,-,-,-,-,-,-,12.0,False,154
153,Noto Sans CJK JP,/usr/share/fonts/opentype/noto/NotoSansCJK-Regular.ttc,-,/usr/share/fonts/opentype/noto/NotoSansCJK-Bold.ttc,-,-,-,-,-,-,-,-,-,-,-,-,-,-,-,-,-,-,-,-,-,-,-,-,-,-,-,-,-,-,-,-,-,-,-,-,-,12.0,False,155
154,Noto Sans CJK KR,/usr/share/fonts/opentype/noto/NotoSansCJK-Regular.ttc,-,/usr/share/fonts/opentype/noto/NotoSansCJK-Bold.ttc,-,-,-,-,-,-,-,-,-,-,-,-,-,-,-,-,-,-,-,-,-,-,-,-,-,-,-,-,-,-,-,-,-,-,-,-,-,12.0,False,156
155,Noto Sans CJK SC,/usr/share/fonts/opentype/noto/NotoSansCJK-Regular.ttc,-,/usr/share/fonts/opentype/noto/NotoSansCJK-Bold.ttc,-,-,-,-,-,-,-,-,-,-,-,-,-,-,-,-,-,-,-,-,-,-,-,-,-,-,-,-,-,-,-,-,-,-,-,-,-,12.0,False,157
156,Noto Sans CJK TC,/usr/share/fonts/opentype/noto/NotoSansCJK-Regular.ttc,-,/usr/share/fonts/opentype/noto/NotoSansCJK-Bold.ttc,-,-,-,-,-,-,-,-,-,-,-,-,-,-,-,-,-,-,-,-,-,-,-,-,-,-,-,-,-,-,-,-,-,-,-,-,-,12.0,False,158
157,Noto Sans Condensed,/usr/local/share/fonts/NotoSans_Condensed-Regular.ttf,-,/usr/local/share/fonts/NotoSans_Condensed-Bold.ttf,/usr/local/share/fonts/NotoSans_Condensed-BoldItalic.ttf,/usr/local/share/fonts/NotoSans_Condensed-Italic.ttf,-,-,/usr/local/share/fonts/NotoSans_Condensed-Light.ttf,/usr/local/share/fonts/NotoSans_Condensed-LightItalic.ttf,/usr/local/share/fonts/NotoSans_Condensed-ExtraBold.ttf,/usr/local/share/fonts/NotoSans_Condensed-Black.ttf,-,-,-,-,-,-,-,/usr/local/share/fonts/NotoSans_Condensed-Thin.ttf,/usr/local/share/fonts/NotoSans_Condensed-ExtraLight.ttf,/usr/local/share/fonts/NotoSans_Condensed-SemiBold.ttf,/usr/local/share/fonts/NotoSans_Condensed-ExtraLightItalic.ttf,/usr/local/share/fonts/NotoSans_Condensed-ThinItalic.ttf,/usr/local/share/fonts/NotoSans_Condensed-SemiBoldItalic.ttf,/usr/local/share/fonts/NotoSans_Condensed-ExtraBoldItalic.ttf,/usr/local/share/fonts/NotoSans_Condensed-BlackItalic.ttf,-,-,-,-,-,-,-,-,-,-,-,-,-,-,11.0,False,159
158,Noto Sans Mono,/usr/share/fonts/truetype/noto/NotoSansMono-Regular.ttf,-,/usr/share/fonts/truetype/noto/NotoSansMono-Bold.ttf,-,-,-,-,-,-,-,-,-,-,-,-,-,-,-,-,-,-,-,-,-,-,-,-,-,-,-,-,-,-,-,-,-,-,-,-,-,11.0,False,160
159,Noto Sans Mono CJK HK,/usr/share/fonts/opentype/noto/NotoSansCJK-Regular.ttc,-,/usr/share/fonts/opentype/noto/NotoSansCJK-Bold.ttc,-,-,-,-,-,-,-,-,-,-,-,-,-,-,-,-,-,-,-,-,-,-,-,-,-,-,-,-,-,-,-,-,-,-,-,-,-,12.0,False,161
160,Noto Sans Mono CJK JP,/usr/share/fonts/opentype/noto/NotoSansCJK-Regular.ttc,-,/usr/share/fonts/opentype/noto/NotoSansCJK-Bold.ttc,-,-,-,-,-,-,-,-,-,-,-,-,-,-,-,-,-,-,-,-,-,-,-,-,-,-,-,-,-,-,-,-,-,-,-,-,-,12.0,False,162
161,Noto Sans Mono CJK KR,/usr/share/fonts/opentype/noto/NotoSansCJK-Regular.ttc,-,/usr/share/fonts/opentype/noto/NotoSansCJK-Bold.ttc,-,-,-,-,-,-,-,-,-,-,-,-,-,-,-,-,-,-,-,-,-,-,-,-,-,-,-,-,-,-,-,-,-,-,-,-,-,12.0,False,163
162,Noto Sans Mono CJK SC,/usr/share/fonts/opentype/noto/NotoSansCJK-Regular.ttc,-,/usr/share/fonts/opentype/noto/NotoSansCJK-Bold.ttc,-,-,-,-,-,-,-,-,-,-,-,-,-,-,-,-,-,-,-,-,-,-,-,-,-,-,-,-,-,-,-,-,-,-,-,-,-,12.0,False,164
163,Noto Sans Mono CJK TC,/usr/share/fonts/opentype/noto/NotoSansCJK-Regular.ttc,-,/usr/share/fonts/opentype/noto/NotoSansCJK-Bold.ttc,-,-,-,-,-,-,-,-,-,-,-,-,-,-,-,-,-,-,-,-,-,-,-,-,-,-,-,-,-,-,-,-,-,-,-,-,-,12.0,False,165
164,Noto Serif,-,-,-,-,-,"/usr/local/share/fonts/NotoSerif-VariableFont_wdth,wght.ttf","/usr/local/share/fonts/NotoSerif-Italic-VariableFont_wdth,wght.ttf",-,-,-,-,-,-,-,-,-,-,-,-,-,-,-,-,-,-,-,-,-,-,-,-,-,-,-,-,-,-,-,-,-,11.0,False,166
165,Noto Serif CJK HK,/usr/share/fonts/opentype/noto/NotoSerifCJK-Regular.ttc,-,/usr/share/fonts/opentype/noto/NotoSerifCJK-Bold.ttc,-,-,-,-,-,-,-,-,-,-,-,-,-,-,-,-,-,-,-,-,-,-,-,-,-,-,-,-,-,-,-,-,-,-,-,-,-,12.0,False,167
166,Noto Serif CJK JP,/usr/share/fonts/opentype/noto/NotoSerifCJK-Regular.ttc,-,/usr/share/fonts/opentype/noto/NotoSerifCJK-Bold.ttc,-,-,-,-,-,-,-,-,-,-,-,-,-,-,-,-,-,-,-,-,-,-,-,-,-,-,-,-,-,-,-,-,-,-,-,-,-,12.0,False,168
167,Noto Serif CJK KR,/usr/share/fonts/opentype/noto/NotoSerifCJK-Regular.ttc,-,/usr/share/fonts/opentype/noto/NotoSerifCJK-Bold.ttc,-,-,-,-,-,-,-,-,-,-,-,-,-,-,-,-,-,-,-,-,-,-,-,-,-,-,-,-,-,-,-,-,-,-,-,-,-,12.0,False,169
168,Noto Serif CJK SC,/usr/share/fonts/opentype/noto/NotoSerifCJK-Regular.ttc,-,/usr/share/fonts/opentype/noto/NotoSerifCJK-Bold.ttc,-,-,-,-,-,-,-,-,-,-,-,-,-,-,-,-,-,-,-,-,-,-,-,-,-,-,-,-,-,-,-,-,-,-,-,-,-,12.0,False,170
169,Noto Serif CJK TC,/usr/share/fonts/opentype/noto/NotoSerifCJK-Regular.ttc,-,/usr/share/fonts/opentype/noto/NotoSerifCJK-Bold.ttc,-,-,-,-,-,-,-,-,-,-,-,-,-,-,-,-,-,-,-,-,-,-,-,-,-,-,-,-,-,-,-,-,-,-,-,-,-,12.0,False,171
170,Noto Serif Condensed,/usr/local/share/fonts/NotoSerif_Condensed-Medium.ttf,-,/usr/local/share/fonts/NotoSerif_Condensed-Bold.ttf,/usr/local/share/fonts/NotoSerif_Condensed-BoldItalic.ttf,/usr/local/share/fonts/NotoSerif_Condensed-MediumItalic.ttf,-,-,/usr/local/share/fonts/NotoSerif_Condensed-Light.ttf,/usr/local/share/fonts/NotoSerif_Condensed-LightItalic.ttf,/usr/local/share/fonts/NotoSerif_Condensed-ExtraBold.ttf,/usr/local/share/fonts/NotoSerif_Condensed-Black.ttf,-,-,-,-,-,-,-,/usr/local/share/fonts/NotoSerif_Condensed-Thin.ttf,/usr/local/share/fonts/NotoSerif_Condensed-ExtraLight.ttf,/usr/local/share/fonts/NotoSerif_Condensed-SemiBold.ttf,/usr/local/share/fonts/NotoSerif_Condensed-ExtraLightItalic.ttf,/usr/local/share/fonts/NotoSerif_Condensed-ThinItalic.ttf,/usr/local/share/fonts/NotoSerif_Condensed-SemiBoldItalic.ttf,/usr/local/share/fonts/NotoSerif_Condensed-ExtraBoldItalic.ttf,/usr/local/share/fonts/NotoSerif_Condensed-BlackItalic.ttf,-,-,-,-,-,-,-,-,-,-,-,-,-,-,11.0,False,172
171,Old London Alternate,/usr/local/share/fonts/Olondona.otf,-,-,-,-,-,-,-,-,-,-,-,-,-,-,-,-,-,-,-,-,-,-,-,-,-,-,-,-,-,-,-,-,-,-,-,-,-,-,-,10.0,False,173
172,Open Sans,-,-,-,-,-,"/usr/local/share/fonts/OpenSans-VariableFont_wdth,wght.ttf","/usr/local/share/fonts/OpenSans-Italic-VariableFont_wdth,wght.ttf",-,-,-,-,-,-,-,-,-,-,-,-,-,-,-,-,-,-,-,"/usr/local/share/fonts/OpenSans-VariableFont_wdth,wght.ttf","/usr/local/share/fonts/OpenSans-Italic-VariableFont_wdth,wght.ttf",-,-,-,-,-,-,-,-,-,-,-,-,10.0,False,174
173,OpenSymbol,/usr/share/fonts/truetype/libreoffice/opens___.ttf,-,-,-,-,-,-,-,-,-,-,-,-,-,-,-,-,-,-,-,-,-,-,-,-,-,-,-,-,-,-,-,-,-,-,-,-,-,-,-,11.0,False,175
174,Outfit,-,-,-,-,-,/usr/local/share/fonts/Outfit-VariableFont_wght.ttf,-,-,-,-,-,-,-,-,-,-,-,-,-,-,-,-,-,-,-,-,-,-,-,-,-,-,-,-,-,-,-,-,-,-,11.0,False,176
175,Overpass Mono,-,-,-,-,-,/usr/local/share/fonts/OverpassMono-VariableFont_wght.ttf,-,-,-,-,-,-,-,-,-,-,-,-,-,-,-,-,-,-,-,-,-,-,-,-,-,-,-,-,-,-,-,-,-,-,11.0,False,177
176,P052,/usr/share/fonts/opentype/urw-base35/P052-Roman.otf,-,/usr/share/fonts/opentype/urw-base35/P052-Bold.otf,/usr/share/fonts/opentype/urw-base35/P052-BoldItalic.otf,/usr/share/fonts/type1/urw-base35/P052-Italic.t1,-,-,-,-,-,-,-,-,-,-,-,-,-,-,-,-,-,-,-,-,-,-,-,-,-,-,-,-,-,-,-,-,-,-,-,12.0,True,178
177,PT Serif,/usr/local/share/fonts/PTSerif-Regular.ttf,-,/usr/local/share/fonts/PTSerif-Bold.ttf,/usr/local/share/fonts/PTSerif-BoldItalic.ttf,/usr/local/share/fonts/PTSerif-Italic.ttf,-,-,-,-,-,-,-,-,-,-,-,-,-,-,-,-,-,-,-,-,-,-,-,-,-,-,-,-,-,-,-,-,-,-,-,10.0,False,179
178,Padauk,/usr/share/fonts/truetype/padauk/Padauk-Regular.ttf,-,/usr/share/fonts/truetype/padauk/Padauk-Bold.ttf,-,-,-,-,-,-,-,-,-,-,-,-,-,-,-,-,-,-,-,-,-,-,-,-,-,-,-,-,-,-,-,-,-,-,-,-,-,11.0,False,180
179,Padauk Book,/usr/share/fonts/truetype/padauk/PadaukBook-Regular.ttf,-,/usr/share/fonts/truetype/padauk/PadaukBook-Bold.ttf,-,-,-,-,-,-,-,-,-,-,-,-,-,-,-,-,-,-,-,-,-,-,-,-,-,-,-,-,-,-,-,-,-,-,-,-,-,11.0,False,181
180,Pagul,/usr/share/fonts/truetype/pagul/Pagul.ttf,-,-,-,-,-,-,-,-,-,-,-,-,-,-,-,-,-,-,-,-,-,-,-,-,-,-,-,-,-,-,-,-,-,-,-,-,-,-,-,9.0,False,182
181,Palatino,-,/usr/local/share/fonts/palatinolinotype_roman.ttf,/usr/local/share/fonts/palatinolinotype_bold.ttf,/usr/local/share/fonts/palatinolinotype_bolditalic.ttf,/usr/local/share/fonts/palatinolinotype_italic.ttf,-,-,-,-,-,-,-,-,-,-,-,-,-,-,-,-,-,-,-,-,-,-,-,-,-,-,-,-,-,-,-,-,-,-,-,10.0,True,0
182,Papyrus,-,/usr/local/share/fonts/papyrus.ttf,-,-,-,-,-,-,-,-,-,-,-,-,-,-,-,-,-,-,-,-,-,-,-,-,-,-,-,-,-,-,-,-,-,-,-,-,-,-,15.0,False,184
183,Peddana,/usr/share/fonts/truetype/teluguvijayam/Peddana-Regular.ttf,-,-,-,-,-,-,-,-,-,-,-,-,-,-,-,-,-,-,-,-,-,-,-,-,-,-,-,-,-,-,-,-,-,-,-,-,-,-,-,7.0,False,185
184,PerryGothic,/usr/local/share/fonts/PERRYGOT.TTF,-,-,-,-,-,-,-,-,-,-,-,-,-,-,-,-,-,-,-,-,-,-,-,-,-,-,-,-,-,-,-,-,-,-,-,-,-,-,-,14.0,False,186
185,Phetsarath OT,-,/usr/share/fonts/truetype/lao/Phetsarath_OT.ttf,-,-,-,-,-,-,-,-,-,-,-,-,-,-,-,-,-,-,-,-,-,-,-,-,-,-,-,-,-,-,-,-,-,-,-,-,-,-,9.0,False,187
186,Pirata One,/usr/local/share/fonts/PirataOne-Regular.ttf,-,-,-,-,-,-,-,-,-,-,-,-,-,-,-,-,-,-,-,-,-,-,-,-,-,-,-,-,-,-,-,-,-,-,-,-,-,-,-,10.0,False,188
187,Playball,/usr/local/share/fonts/Playball-Regular.ttf,-,-,-,-,-,-,-,-,-,-,-,-,-,-,-,-,-,-,-,-,-,-,-,-,-,-,-,-,-,-,-,-,-,-,-,-,-,-,-,11.0,False,189
188,Playfair Display,-,-,-,-,-,/usr/local/share/fonts/PlayfairDisplay-VariableFont_wght.ttf,/usr/local/share/fonts/PlayfairDisplay-Italic-VariableFont_wght.ttf,-,-,-,-,-,-,-,-,-,-,-,-,-,-,-,-,-,-,-,-,-,-,-,-,-,-,-,-,-,-,-,-,-,10.0,True,190
189,Plus Jakarta Sans,-,-,-,-,-,/usr/local/share/fonts/PlusJakartaSans-VariableFont_wght.ttf,/usr/local/share/fonts/PlusJakartaSans-Italic-VariableFont_wght.ttf,-,-,-,-,-,-,-,-,-,-,-,-,-,-,-,-,-,-,-,-,-,-,-,-,-,-,-,-,-,-,-,-,-,11.0,False,191
190,Ponnala,/usr/share/fonts/truetype/teluguvijayam/Ponnala.ttf,-,-,-,-,-,-,-,-,-,-,-,-,-,-,-,-,-,-,-,-,-,-,-,-,-,-,-,-,-,-,-,-,-,-,-,-,-,-,-,8.0,False,192
191,Poppins,/usr/local/share/fonts/Poppins-Regular.ttf,-,/usr/local/share/fonts/Poppins-Bold.ttf,/usr/local/share/fonts/Poppins-BoldItalic.ttf,/usr/local/share/fonts/Poppins-MediumItalic.ttf,-,-,/usr/local/share/fonts/Poppins-Light.ttf,/usr/local/share/fonts/Poppins-LightItalic.ttf,/usr/local/share/fonts/Poppins-ExtraBold.ttf,/usr/local/share/fonts/Poppins-Black.ttf,-,-,-,-,-,-,-,/usr/local/share/fonts/Poppins-Thin.ttf,/usr/local/share/fonts/Poppins-ExtraLight.ttf,/usr/local/share/fonts/Poppins-SemiBold.ttf,/usr/local/share/fonts/Poppins-ExtraLightItalic.ttf,/usr/local/share/fonts/Poppins-ThinItalic.ttf,/usr/local/share/fonts/Poppins-SemiBoldItalic.ttf,/usr/local/share/fonts/Poppins-ExtraBoldItalic.ttf,/usr/local/share/fonts/Poppins-BlackItalic.ttf,-,-,-,-,-,-,-,-,-,-,-,-,-,-,14.0,True,193
192,Pothana2000,/usr/share/fonts/truetype/fonts-telu-extra/Pothana2000.ttf,-,-,-,-,-,-,-,-,-,-,-,-,-,-,-,-,-,-,-,-,-,-,-,-,-,-,-,-,-,-,-,-,-,-,-,-,-,-,-,9.0,False,194
193,Potti Sreeramulu,/usr/share/fonts/truetype/teluguvijayam/PottiSreeramulu.ttf,-,-,-,-,-,-,-,-,-,-,-,-,-,-,-,-,-,-,-,-,-,-,-,-,-,-,-,-,-,-,-,-,-,-,-,-,-,-,-,10.0,False,195
194,Protest Guerrilla,/usr/local/share/fonts/ProtestGuerrilla-Regular.ttf,-,-,-,-,-,-,-,-,-,-,-,-,-,-,-,-,-,-,-,-,-,-,-,-,-,-,-,-,-,-,-,-,-,-,-,-,-,-,-,11.0,False,196
195,Purisa,/usr/share/fonts/truetype/tlwg/Purisa.ttf,-,/usr/share/fonts/truetype/tlwg/Purisa-Bold.ttf,/usr/share/fonts/truetype/tlwg/Purisa-BoldOblique.ttf,/usr/share/fonts/truetype/tlwg/Purisa-Oblique.ttf,-,-,-,-,-,-,-,-,-,-,-,-,-,-,-,-,-,-,-,-,-,-,-,-,-,-,-,-,-,-,-,-,-,-,-,15.0,True,197
196,Quicksand,/usr/local/share/fonts/Quicksand-Regular.ttf,-,/usr/local/share/fonts/Quicksand-Bold.ttf,-,-,-,-,/usr/local/share/fonts/Quicksand-Light.ttf,-,-,-,-,-,-,-,-,-,-,-,-,/usr/local/share/fonts/Quicksand-SemiBold.ttf,-,-,-,-,-,-,-,-,-,-,-,-,-,-,-,-,-,-,-,10.0,False,198
197,Rachana,/usr/share/fonts/truetype/malayalam/Rachana-Regular.ttf,-,/usr/share/fonts/truetype/malayalam/Rachana-Bold.ttf,-,-,-,-,-,-,-,-,-,-,-,-,-,-,-,-,-,-,-,-,-,-,-,-,-,-,-,-,-,-,-,-,-,-,-,-,-,10.0,False,199
198,RaghuMalayalamSans,/usr/share/fonts/truetype/malayalam/RaghuMalayalamSans-Regular.ttf,-,-,-,-,-,-,-,-,-,-,-,-,-,-,-,-,-,-,-,-,-,-,-,-,-,-,-,-,-,-,-,-,-,-,-,-,-,-,-,10.0,False,200
199,Raleway,-,-,-,-,-,/usr/local/share/fonts/Raleway-VariableFont_wght.ttf,/usr/local/share/fonts/Raleway-Italic-VariableFont_wght.ttf,-,-,-,-,-,-,-,-,-,-,-,-,-,-,-,-,-,-,-,-,-,-,-,-,-,-,-,-,-,-,-,-,-,10.0,False,201
200,Ramabhadra,/usr/share/fonts/truetype/teluguvijayam/ramabhadra.ttf,-,-,-,-,-,-,-,-,-,-,-,-,-,-,-,-,-,-,-,-,-,-,-,-,-,-,-,-,-,-,-,-,-,-,-,-,-,-,-,9.0,False,202
201,Ramaraja,/usr/share/fonts/truetype/teluguvijayam/Ramaraja-Regular.ttf,-,-,-,-,-,-,-,-,-,-,-,-,-,-,-,-,-,-,-,-,-,-,-,-,-,-,-,-,-,-,-,-,-,-,-,-,-,-,-,10.0,False,203
202,Rasa,/usr/share/fonts/truetype/fonts-yrsa-rasa/Rasa-Regular.ttf,-,/usr/share/fonts/truetype/fonts-yrsa-rasa/Rasa-Bold.ttf,-,-,-,-,/usr/share/fonts/truetype/fonts-yrsa-rasa/Rasa-Light.ttf,-,-,-,-,-,-,-,-,-,-,-,-,/usr/share/fonts/truetype/fonts-yrsa-rasa/Rasa-SemiBold.ttf,-,-,-,-,-,-,-,-,-,-,-,-,-,-,-,-,-,-,-,11.0,False,204
203,RaviPrakash,/usr/share/fonts/truetype/teluguvijayam/RaviPrakash.ttf,-,-,-,-,-,-,-,-,-,-,-,-,-,-,-,-,-,-,-,-,-,-,-,-,-,-,-,-,-,-,-,-,-,-,-,-,-,-,-,8.0,False,205
204,Redacted,/usr/local/share/fonts/Redacted-Regular.ttf,-,-,-,-,-,-,-,-,-,-,-,-,-,-,-,-,-,-,-,-,-,-,-,-,-,-,-,-,-,-,-,-,-,-,-,-,-,-,-,10.0,False,206
205,Reddit Sans,-,-,-,-,-,/usr/local/share/fonts/RedditSans-VariableFont_wght.ttf,/usr/local/share/fonts/RedditSans-Italic-VariableFont_wght.ttf,-,-,-,-,-,-,-,-,-,-,-,-,-,-,-,-,-,-,-,-,-,-,-,-,-,-,-,-,-,-,-,-,-,12.0,False,207
206,Reddit Sans Condensed,-,-,-,-,-,/usr/local/share/fonts/RedditSansCondensed-VariableFont_wght.ttf,-,-,-,-,-,-,-,-,-,-,-,-,-,-,-,-,-,-,-,-,-,-,-,-,-,-,-,-,-,-,-,-,-,-,12.0,False,208
207,Reenie Beanie,/usr/local/share/fonts/ReenieBeanie-Regular.ttf,-,-,-,-,-,-,-,-,-,-,-,-,-,-,-,-,-,-,-,-,-,-,-,-,-,-,-,-,-,-,-,-,-,-,-,-,-,-,-,11.0,False,209
208,Rekha,/usr/share/fonts/truetype/fonts-gujr-extra/Rekha.ttf,-,-,-,-,-,-,-,-,-,-,-,-,-,-,-,-,-,-,-,-,-,-,-,-,-,-,-,-,-,-,-,-,-,-,-,-,-,-,-,10.0,False,210
209,Ridenation FreePersonalUse,/usr/local/share/fonts/Ridenation Free Personal Use.ttf,-,-,-,-,-,-,-,-,-,-,-,-,-,-,-,-,-,-,-,-,-,-,-,-,-,-,-,-,-,-,-,-,-,-,-,-,-,-,-,19.0,False,211
210,Roboto Mono,-,-,-,-,-,/usr/local/share/fonts/RobotoMono-Italic-VariableFont_wght.ttf,/usr/local/share/fonts/RobotoMono-Italic-VariableFont_wght.ttf,-,-,-,-,-,-,-,-,-,-,-,-,-,-,-,-,-,-,-,-,-,-,-,-,-,-,-,-,-,-,-,-,-,12.0,False,212
211,Rock Salt,/usr/local/share/fonts/RockSalt-Regular.ttf,-,-,-,-,-,-,-,-,-,-,-,-,-,-,-,-,-,-,-,-,-,-,-,-,-,-,-,-,-,-,-,-,-,-,-,-,-,-,-,16.0,False,213
212,Rockets Kite,/usr/local/share/fonts/Rockets Kite.otf,-,-,-,-,-,-,-,-,-,-,-,-,-,-,-,-,-,-,-,-,-,-,-,-,-,-,-,-,-,-,-,-,-,-,-,-,-,-,-,12.0,False,214
213,Rubik,-,-,-,-,-,/usr/local/share/fonts/Rubik-VariableFont_wght.ttf,/usr/local/share/fonts/Rubik-Italic-VariableFont_wght.ttf,-,-,-,-,-,-,-,-,-,-,-,-,-,-,-,-,-,-,-,-,-,-,-,-,-,-,-,-,-,-,-,-,-,11.0,False,1
214,Saab,/usr/share/fonts/truetype/fonts-guru-extra/Saab.ttf,-,-,-,-,-,-,-,-,-,-,-,-,-,-,-,-,-,-,-,-,-,-,-,-,-,-,-,-,-,-,-,-,-,-,-,-,-,-,-,12.0,False,216
215,Sahadeva,/usr/share/fonts/truetype/Sahadeva/sahadeva.ttf,-,-,-,-,-,-,-,-,-,-,-,-,-,-,-,-,-,-,-,-,-,-,-,-,-,-,-,-,-,-,-,-,-,-,-,-,-,-,-,9.0,False,217
216,Samanata,/usr/share/fonts/truetype/fonts-deva-extra/samanata.ttf,-,-,-,-,-,-,-,-,-,-,-,-,-,-,-,-,-,-,-,-,-,-,-,-,-,-,-,-,-,-,-,-,-,-,-,-,-,-,-,10.0,False,218
217,Samyak Devanagari,/usr/share/fonts/truetype/samyak/Samyak-Devanagari.ttf,-,-,-,-,-,-,-,-,-,-,-,-,-,-,-,-,-,-,-,-,-,-,-,-,-,-,-,-,-,-,-,-,-,-,-,-,-,-,-,7.0,False,219
218,Samyak Gujarati,/usr/share/fonts/truetype/samyak-fonts/Samyak-Gujarati.ttf,-,-,-,-,-,-,-,-,-,-,-,-,-,-,-,-,-,-,-,-,-,-,-,-,-,-,-,-,-,-,-,-,-,-,-,-,-,-,-,7.0,False,220
219,Samyak Malayalam,/usr/share/fonts/truetype/samyak-fonts/Samyak-Malayalam.ttf,-,-,-,-,-,-,-,-,-,-,-,-,-,-,-,-,-,-,-,-,-,-,-,-,-,-,-,-,-,-,-,-,-,-,-,-,-,-,-,7.0,False,221
220,Samyak Tamil,/usr/share/fonts/truetype/samyak-fonts/Samyak-Tamil.ttf,-,-,-,-,-,-,-,-,-,-,-,-,-,-,-,-,-,-,-,-,-,-,-,-,-,-,-,-,-,-,-,-,-,-,-,-,-,-,-,7.0,False,222
221,Sarai,/usr/share/fonts/truetype/Sarai/Sarai.ttf,-,-,-,-,-,-,-,-,-,-,-,-,-,-,-,-,-,-,-,-,-,-,-,-,-,-,-,-,-,-,-,-,-,-,-,-,-,-,-,8.0,False,223
222,Sawasdee,/usr/share/fonts/truetype/tlwg/Sawasdee.ttf,-,/usr/share/fonts/truetype/tlwg/Sawasdee-Bold.ttf,/usr/share/fonts/truetype/tlwg/Sawasdee-BoldOblique.ttf,/usr/share/fonts/truetype/tlwg/Sawasdee-Oblique.ttf,-,-,-,-,-,-,-,-,-,-,-,-,-,-,-,-,-,-,-,-,-,-,-,-,-,-,-,-,-,-,-,-,-,-,-,12.0,True,224
223,Shadows Into Light,/usr/local/share/fonts/ShadowsIntoLight-Regular.ttf,-,-,-,-,-,-,-,-,-,-,-,-,-,-,-,-,-,-,-,-,-,-,-,-,-,-,-,-,-,-,-,-,-,-,-,-,-,-,-,17.0,False,225
224,Sherwood,/usr/local/share/fonts/SHERWOOD.TTF,-,-,-,-,-,-,-,-,-,-,-,-,-,-,-,-,-,-,-,-,-,-,-,-,-,-,-,-,-,-,-,-,-,-,-,-,-,-,-,12.0,False,226
225,Silkscreen,/usr/local/share/fonts/Silkscreen-Regular.ttf,-,/usr/local/share/fonts/Silkscreen-Bold.ttf,-,-,-,-,-,-,-,-,-,-,-,-,-,-,-,-,-,-,-,-,-,-,-,-,-,-,-,-,-,-,-,-,-,-,-,-,-,9.0,False,227
226,Source Code Pro,-,-,-,-,-,/usr/local/share/fonts/SourceCodePro-VariableFont_wght.ttf,-,-,-,-,-,-,-,-,-,-,-,-,-,-,-,-,-,-,-,-,-,-,-,-,-,-,-,-,-,-,-,-,-,-,11.0,False,228
227,Spicy Rice,/usr/local/share/fonts/SpicyRice-Regular.ttf,-,-,-,-,-,-,-,-,-,-,-,-,-,-,-,-,-,-,-,-,-,-,-,-,-,-,-,-,-,-,-,-,-,-,-,-,-,-,-,12.0,False,229
228,Sree Krushnadevaraya,/usr/share/fonts/truetype/teluguvijayam/SreeKrushnadevaraya.ttf,-,-,-,-,-,-,-,-,-,-,-,-,-,-,-,-,-,-,-,-,-,-,-,-,-,-,-,-,-,-,-,-,-,-,-,-,-,-,-,11.0,False,230
229,Sriracha,/usr/local/share/fonts/Sriracha-Regular.ttf,-,-,-,-,-,-,-,-,-,-,-,-,-,-,-,-,-,-,-,-,-,-,-,-,-,-,-,-,-,-,-,-,-,-,-,-,-,-,-,12.0,False,231
230,Standard Symbols L,/usr/share/fonts/type1/gsfonts/s050000l.pfb,-,-,-,-,-,-,-,-,-,-,-,-,-,-,-,-,-,-,-,-,-,-,-,-,-,-,-,-,-,-,-,-,-,-,-,-,-,-,-,9.0,False,232
231,Standard Symbols PS,/usr/share/fonts/opentype/urw-base35/StandardSymbolsPS.otf,-,-,-,-,-,-,-,-,-,-,-,-,-,-,-,-,-,-,-,-,-,-,-,-,-,-,-,-,-,-,-,-,-,-,-,-,-,-,-,11.0,False,233
232,Suranna,/usr/share/fonts/truetype/teluguvijayam/suranna.ttf,-,-,-,-,-,-,-,-,-,-,-,-,-,-,-,-,-,-,-,-,-,-,-,-,-,-,-,-,-,-,-,-,-,-,-,-,-,-,-,11.0,False,234
233,Suravaram,/usr/share/fonts/truetype/teluguvijayam/Suravaram.ttf,-,-,-,-,-,-,-,-,-,-,-,-,-,-,-,-,-,-,-,-,-,-,-,-,-,-,-,-,-,-,-,-,-,-,-,-,-,-,-,11.0,False,235
234,Surround Signal DEMO,/usr/local/share/fonts/SurroundSignalDEMO-Regular.otf,-,-,-,-,-,-,-,-,-,-,-,-,-,-,-,-,-,-,-,-,-,-,-,-,-,-,-,-,-,-,-,-,-,-,-,-,-,-,-,9.0,False,236
235,Suruma,/usr/share/fonts/truetype/malayalam/Suruma.ttf,-,-,-,-,-,-,-,-,-,-,-,-,-,-,-,-,-,-,-,-,-,-,-,-,-,-,-,-,-,-,-,-,-,-,-,-,-,-,-,9.0,False,237
236,Swamp Witch,-,/usr/local/share/fonts/Swamp Witch.ttf,-,-,-,-,-,-,-,-,-,-,-,-,-,-,-,-,-,-,-,-,-,-,-,-,-,-,-,-,-,-,-,-,-,-,-,-,-,-,12.0,False,238
237,Syamala Ramana,/usr/share/fonts/truetype/teluguvijayam/SyamalaRamana.ttf,-,-,-,-,-,-,-,-,-,-,-,-,-,-,-,-,-,-,-,-,-,-,-,-,-,-,-,-,-,-,-,-,-,-,-,-,-,-,-,8.0,False,239
238,Tangerine,/usr/local/share/fonts/Tangerine-Regular.ttf,-,/usr/local/share/fonts/Tangerine-Bold.ttf,-,-,-,-,-,-,-,-,-,-,-,-,-,-,-,-,-,-,-,-,-,-,-,-,-,-,-,-,-,-,-,-,-,-,-,-,-,10.0,False,240
239,TenaliRamakrishna,/usr/share/fonts/truetype/teluguvijayam/TenaliRamakrishna-Regular.ttf,-,-,-,-,-,-,-,-,-,-,-,-,-,-,-,-,-,-,-,-,-,-,-,-,-,-,-,-,-,-,-,-,-,-,-,-,-,-,-,8.0,False,241
240,Tengwar Annatar,/usr/local/share/fonts/tngan.ttf,-,/usr/local/share/fonts/tnganb.ttf,/usr/local/share/fonts/tnganbi.ttf,/usr/local/share/fonts/tngani.ttf,-,-,-,-,-,-,-,-,-,-,-,-,-,-,-,-,-,-,-,-,-,-,-,-,-,-,-,-,-,-,-,-,-,-,-,15.0,True,242
241,The Centurion,/usr/local/share/fonts/The Centurion.otf,-,-,-,-,-,-,-,-,-,-,-,-,-,-,-,-,-,-,-,-,-,-,-,-,-,-,-,-,-,-,-,-,-,-,-,-,-,-,-,13.0,False,243
242,Tibetan Machine Uni,/usr/share/fonts/truetype/tibetan-machine/TibetanMachineUni.ttf,-,-,-,-,-,-,-,-,-,-,-,-,-,-,-,-,-,-,-,-,-,-,-,-,-,-,-,-,-,-,-,-,-,-,-,-,-,-,-,10.0,False,244
243,Times New Roman,-,/usr/share/fonts/truetype/msttcorefonts/times.ttf,/usr/share/fonts/truetype/msttcorefonts/Times_New_Roman_Bold.ttf,/usr/share/fonts/truetype/msttcorefonts/timesbi.ttf,/usr/share/fonts/truetype/msttcorefonts/timesi.ttf,-,-,-,-,-,-,-,-,-,-,-,-,-,-,-,-,-,-,-,-,-,-,-,-,-,-,-,-,-,-,-,-,-,-,-,9.0,False,245
244,Timmana,/usr/share/fonts/truetype/teluguvijayam/TimmanaRegular.ttf,-,-,-,-,-,-,-,-,-,-,-,-,-,-,-,-,-,-,-,-,-,-,-,-,-,-,-,-,-,-,-,-,-,-,-,-,-,-,-,9.0,False,246
245,Tlwg Mono,/usr/share/fonts/truetype/tlwg/TlwgMono.ttf,-,/usr/share/fonts/truetype/tlwg/TlwgMono-Bold.ttf,/usr/share/fonts/truetype/tlwg/TlwgMono-BoldOblique.ttf,/usr/share/fonts/truetype/tlwg/TlwgMono-Oblique.ttf,-,-,-,-,-,-,-,-,-,-,-,-,-,-,-,-,-,-,-,-,-,-,-,-,-,-,-,-,-,-,-,-,-,-,-,8.0,True,247
246,Tlwg Typewriter,/usr/share/fonts/truetype/tlwg/TlwgTypewriter.ttf,-,/usr/share/fonts/truetype/tlwg/TlwgTypewriter-Bold.ttf,/usr/share/fonts/truetype/tlwg/TlwgTypewriter-BoldOblique.ttf,/usr/share/fonts/truetype/tlwg/TlwgTypewriter-Oblique.ttf,-,-,-,-,-,-,-,-,-,-,-,-,-,-,-,-,-,-,-,-,-,-,-,-,-,-,-,-,-,-,-,-,-,-,-,8.0,True,248
247,Tlwg Typist,/usr/share/fonts/truetype/tlwg/TlwgTypist.ttf,-,/usr/share/fonts/truetype/tlwg/TlwgTypist-Bold.ttf,/usr/share/fonts/truetype/tlwg/TlwgTypist-BoldOblique.ttf,/usr/share/fonts/truetype/tlwg/TlwgTypist-Oblique.ttf,-,-,-,-,-,-,-,-,-,-,-,-,-,-,-,-,-,-,-,-,-,-,-,-,-,-,-,-,-,-,-,-,-,-,-,8.0,True,249
248,Tlwg Typo,/usr/share/fonts/truetype/tlwg/TlwgTypo.ttf,-,/usr/share/fonts/truetype/tlwg/TlwgTypo-Bold.ttf,/usr/share/fonts/truetype/tlwg/TlwgTypo-BoldOblique.ttf,/usr/share/fonts/truetype/tlwg/TlwgTypo-Oblique.ttf,-,-,-,-,-,-,-,-,-,-,-,-,-,-,-,-,-,-,-,-,-,-,-,-,-,-,-,-,-,-,-,-,-,-,-,8.0,True,250
249,Trebuchet MS,-,/usr/share/fonts/truetype/msttcorefonts/Trebuchet_MS.ttf,/usr/share/fonts/truetype/msttcorefonts/Trebuchet_MS_Bold.ttf,/usr/share/fonts/truetype/msttcorefonts/trebucbi.ttf,/usr/share/fonts/truetype/msttcorefonts/Trebuchet_MS_Italic.ttf,-,-,-,-,-,-,-,-,-,-,-,-,-,-,-,-,-,-,-,-,-,-,-,-,-,-,-,-,-,-,-,-,-,-,-,9.0,True,251
250,URW Bookman,/usr/share/fonts/opentype/urw-base35/URWBookman-Demi.otf,-,-,-,/usr/share/fonts/opentype/urw-base35/URWBookman-DemiItalic.otf,-,-,/usr/share/fonts/type1/urw-base35/URWBookman-Light.t1,/usr/share/fonts/type1/urw-base35/URWBookman-LightItalic.t1,-,-,-,-,-,-,-,-,-,-,-,-,-,-,-,-,-,-,-,-,-,-,-,-,-,-,-,-,-,-,-,11.0,True,252
251,URW Bookman L,-,-,/usr/share/fonts/type1/gsfonts/b018015l.pfb,/usr/share/fonts/type1/gsfonts/b018035l.pfb,-,-,-,/usr/share/fonts/type1/gsfonts/b018012l.pfb,/usr/share/fonts/type1/gsfonts/b018032l.pfb,-,-,-,-,-,-,-,-,-,-,-,-,-,-,-,-,-,-,-,-,-,-,-,-,-,-,-,-,-,-,-,11.0,False,253
252,URW Chancery L,-,-,-,-,/usr/share/fonts/type1/gsfonts/z003034l.pfb,-,-,-,-,-,-,-,-,-,-,-,-,-,-,-,-,-,-,-,-,-,-,-,-,-,-,-,-,-,-,-,-,-,-,-,11.0,False,254
253,URW Gothic,/usr/share/fonts/type1/urw-base35/URWGothic-Demi.t1,-,-,-,/usr/share/fonts/opentype/urw-base35/URWGothic-DemiOblique.otf,-,-,-,-,-,-,-,-,-,-,-,-,-,-,-,-,-,-,-,-,-,-,-,-,-,-,-,-,-,-,-,-,-,-,-,10.0,False,255
254,URW Gothic L,/usr/share/fonts/type1/gsfonts/a010015l.pfb,-,-,-,/usr/share/fonts/type1/gsfonts/a010035l.pfb,-,-,-,-,-,-,-,-,-,-,-,-,-,-,-,-,-,-,-,-,-,-,-,-,-,-,-,-,-,-,-,-,-,-,-,10.0,False,256
255,URW Palladio L,/usr/share/fonts/type1/gsfonts/p052003l.pfb,-,/usr/share/fonts/type1/gsfonts/p052004l.pfb,/usr/share/fonts/type1/gsfonts/p052024l.pfb,/usr/share/fonts/type1/gsfonts/p052023l.pfb,-,-,-,-,-,-,-,-,-,-,-,-,-,-,-,-,-,-,-,-,-,-,-,-,-,-,-,-,-,-,-,-,-,-,-,11.0,False,257
256,Ubuntu,/usr/share/fonts/truetype/ubuntu/Ubuntu-M.ttf,/usr/share/fonts/truetype/ubuntu/Ubuntu-R.ttf,/usr/share/fonts/truetype/ubuntu/Ubuntu-B.ttf,/usr/share/fonts/truetype/ubuntu/Ubuntu-BI.ttf,/usr/share/fonts/truetype/ubuntu/Ubuntu-MI.ttf,-,-,/usr/share/fonts/truetype/ubuntu/Ubuntu-L.ttf,/usr/share/fonts/truetype/ubuntu/Ubuntu-LI.ttf,-,-,-,-,-,-,-,-,-,-,/usr/share/fonts/truetype/ubuntu/Ubuntu-Th.ttf,-,-,-,-,-,-,-,-,/usr/share/fonts/truetype/ubuntu/Ubuntu-RI.ttf,-,-,-,-,-,-,-,-,-,-,-,10.0,True,258
257,Ubuntu Condensed,/usr/share/fonts/truetype/ubuntu/Ubuntu-C.ttf,-,-,-,-,-,-,-,-,-,-,-,-,-,-,-,-,-,-,-,-,-,-,-,-,-,-,-,-,-,-,-,-,-,-,-,-,-,-,-,10.0,False,259
258,Ubuntu Mono,/usr/share/fonts/truetype/ubuntu/UbuntuMono-R.ttf,-,/usr/share/fonts/truetype/ubuntu/UbuntuMono-B.ttf,/usr/share/fonts/truetype/ubuntu/UbuntuMono-BI.ttf,/usr/share/fonts/truetype/ubuntu/UbuntuMono-RI.ttf,-,-,-,-,-,-,-,-,-,-,-,-,-,-,-,-,-,-,-,-,-,-,-,-,-,-,-,-,-,-,-,-,-,-,-,9.0,False,260
259,Umpush,/usr/share/fonts/truetype/tlwg/Umpush.ttf,-,/usr/share/fonts/truetype/tlwg/Umpush-Bold.ttf,/usr/share/fonts/truetype/tlwg/Umpush-BoldOblique.ttf,/usr/share/fonts/truetype/tlwg/Umpush-Oblique.ttf,-,-,/usr/share/fonts/truetype/tlwg/Umpush-Light.ttf,/usr/share/fonts/truetype/tlwg/Umpush-LightOblique.ttf,-,-,-,-,-,-,-,-,-,-,-,-,-,-,-,-,-,-,-,-,-,-,-,-,-,-,-,-,-,-,-,10.0,True,261
260,Updock,/usr/local/share/fonts/Updock-Regular.ttf,-,-,-,-,-,-,-,-,-,-,-,-,-,-,-,-,-,-,-,-,-,-,-,-,-,-,-,-,-,-,-,-,-,-,-,-,-,-,-,13.0,False,262
261,Uroob,/usr/share/fonts/truetype/malayalam/Uroob-Regular.ttf,-,-,-,-,-,-,-,-,-,-,-,-,-,-,-,-,-,-,-,-,-,-,-,-,-,-,-,-,-,-,-,-,-,-,-,-,-,-,-,10.0,False,263
262,Vampire Wars,/usr/local/share/fonts/Vampire Wars.otf,-,-,-,/usr/local/share/fonts/Vampire Wars Italic.otf,-,-,-,-,-,-,-,-,-,-,-,-,-,-,-,-,-,-,-,-,-,-,-,-,-,-,-,-,-,-,-,-,-,-,-,10.0,False,264
263,Vemana2000,/usr/share/fonts/truetype/fonts-telu-extra/vemana2000.ttf,-,-,-,-,-,-,-,-,-,-,-,-,-,-,-,-,-,-,-,-,-,-,-,-,-,-,-,-,-,-,-,-,-,-,-,-,-,-,-,10.0,False,265
264,Verdana,-,/usr/share/fonts/truetype/msttcorefonts/Verdana.ttf,/usr/share/fonts/truetype/msttcorefonts/verdanab.ttf,/usr/share/fonts/truetype/msttcorefonts/Verdana_Bold_Italic.ttf,/usr/share/fonts/truetype/msttcorefonts/verdanai.ttf,-,-,-,-,-,-,-,-,-,-,-,-,-,-,-,-,-,-,-,-,-,-,-,-,-,-,-,-,-,-,-,-,-,-,-,10.0,False,266
265,Viking-Normal,/usr/local/share/fonts/VIKING-N.TTF,-,-,-,-,-,-,-,-,-,-,-,-,-,-,-,-,-,-,-,-,-,-,-,-,-,-,-,-,-,-,-,-,-,-,-,-,-,-,-,13.0,False,267
266,Waree,/usr/share/fonts/truetype/tlwg/Waree.ttf,-,/usr/share/fonts/truetype/tlwg/Waree-Bold.ttf,/usr/share/fonts/truetype/tlwg/Waree-BoldOblique.ttf,/usr/share/fonts/truetype/tlwg/Waree-Oblique.ttf,-,-,-,-,-,-,-,-,-,-,-,-,-,-,-,-,-,-,-,-,-,-,-,-,-,-,-,-,-,-,-,-,-,-,-,10.0,False,268
267,Wavefont,-,-,-,-,-,"/usr/local/share/fonts/Wavefont-VariableFont_ROND,YELA,wght.ttf",-,-,-,-,-,-,-,-,-,-,-,-,-,-,-,-,-,-,-,-,-,-,-,-,-,-,-,-,-,-,-,-,-,-,10.0,False,269
268,Webdings,-,/usr/share/fonts/truetype/msttcorefonts/Webdings.ttf,-,-,-,-,-,-,-,-,-,-,-,-,-,-,-,-,-,-,-,-,-,-,-,-,-,-,-,-,-,-,-,-,-,-,-,-,-,-,6.0,False,270
269,Yellowtail,/usr/local/share/fonts/Yellowtail-Regular.ttf,-,-,-,-,-,-,-,-,-,-,-,-,-,-,-,-,-,-,-,-,-,-,-,-,-,-,-,-,-,-,-,-,-,-,-,-,-,-,-,11.0,False,271
270,Yrsa,/usr/share/fonts/truetype/fonts-yrsa-rasa/Yrsa-Regular.ttf,-,/usr/share/fonts/truetype/fonts-yrsa-rasa/Yrsa-Bold.ttf,/usr/share/fonts/truetype/fonts-yrsa-rasa/Yrsa-BoldItalic.ttf,/usr/share/fonts/truetype/fonts-yrsa-rasa/Yrsa-MediumItalic.ttf,-,-,/usr/share/fonts/truetype/fonts-yrsa-rasa/Yrsa-Light.ttf,/usr/share/fonts/truetype/fonts-yrsa-rasa/Yrsa-LightItalic.ttf,-,-,-,-,-,-,-,-,-,-,-,/usr/share/fonts/truetype/fonts-yrsa-rasa/Yrsa-SemiBold.ttf,-,-,/usr/share/fonts/truetype/fonts-yrsa-rasa/Yrsa-SemiBoldItalic.ttf,-,-,-,-,-,-,-,-,-,-,-,-,-,-,-,-,11.0,True,272
271,Z003,-,-,-,-,/usr/share/fonts/type1/urw-base35/Z003-MediumItalic.t1,-,-,-,-,-,-,-,-,-,-,-,-,-,-,-,-,-,-,-,-,-,-,-,-,-,-,-,-,-,-,-,-,-,-,-,11.0,False,273
272,aakar,/usr/share/fonts/truetype/fonts-gujr-extra/aakar-medium.ttf,-,-,-,-,-,-,-,-,-,-,-,-,-,-,-,-,-,-,-,-,-,-,-,-,-,-,-,-,-,-,-,-,-,-,-,-,-,-,-,261.0,False,274
273,cmex10,/usr/share/fonts/truetype/lyx/cmex10.ttf,-,-,-,-,-,-,-,-,-,-,-,-,-,-,-,-,-,-,-,-,-,-,-,-,-,-,-,-,-,-,-,-,-,-,-,-,-,-,-,38.0,False,275
274,cmmi10,/usr/share/fonts/truetype/lyx/cmmi10.ttf,-,-,-,-,-,-,-,-,-,-,-,-,-,-,-,-,-,-,-,-,-,-,-,-,-,-,-,-,-,-,-,-,-,-,-,-,-,-,-,11.0,False,276
275,cmr10,/usr/share/fonts/truetype/lyx/cmr10.ttf,-,-,-,-,-,-,-,-,-,-,-,-,-,-,-,-,-,-,-,-,-,-,-,-,-,-,-,-,-,-,-,-,-,-,-,-,-,-,-,11.0,False,277
276,cmsy10,/usr/share/fonts/truetype/lyx/cmsy10.ttf,-,-,-,-,-,-,-,-,-,-,-,-,-,-,-,-,-,-,-,-,-,-,-,-,-,-,-,-,-,-,-,-,-,-,-,-,-,-,-,18.0,False,278
277,dsrom10,/usr/share/fonts/truetype/lyx/dsrom10.ttf,-,-,-,-,-,-,-,-,-,-,-,-,-,-,-,-,-,-,-,-,-,-,-,-,-,-,-,-,-,-,-,-,-,-,-,-,-,-,-,11.0,False,279
278,esint10,/usr/share/fonts/truetype/lyx/esint10.ttf,-,-,-,-,-,-,-,-,-,-,-,-,-,-,-,-,-,-,-,-,-,-,-,-,-,-,-,-,-,-,-,-,-,-,-,-,-,-,-,12.0,False,280
279,eufm10,/usr/share/fonts/truetype/lyx/eufm10.ttf,-,-,-,-,-,-,-,-,-,-,-,-,-,-,-,-,-,-,-,-,-,-,-,-,-,-,-,-,-,-,-,-,-,-,-,-,-,-,-,11.0,False,281
280,g Grinzo,/usr/local/share/fonts/gGrinzo.ttf,-,-,-,-,-,-,-,-,-,-,-,-,-,-,-,-,-,-,-,-,-,-,-,-,-,-,-,-,-,-,-,-,-,-,-,-,-,-,-,12.0,False,282
281,mry_KacstQurn,/usr/share/fonts/truetype/kacst/mry_KacstQurn.ttf,-,-,-,-,-,-,-,-,-,-,-,-,-,-,-,-,-,-,-,-,-,-,-,-,-,-,-,-,-,-,-,-,-,-,-,-,-,-,-,13.0,False,283
282,msam10,/usr/share/fonts/truetype/lyx/msam10.ttf,-,-,-,-,-,-,-,-,-,-,-,-,-,-,-,-,-,-,-,-,-,-,-,-,-,-,-,-,-,-,-,-,-,-,-,-,-,-,-,15.0,False,284
283,msbm10,/usr/share/fonts/truetype/lyx/msbm10.ttf,-,-,-,-,-,-,-,-,-,-,-,-,-,-,-,-,-,-,-,-,-,-,-,-,-,-,-,-,-,-,-,-,-,-,-,-,-,-,-,12.0,False,285
284,ori1Uni,/usr/share/fonts/truetype/fonts-orya-extra/utkal.ttf,-,-,-,-,-,-,-,-,-,-,-,-,-,-,-,-,-,-,-,-,-,-,-,-,-,-,-,-,-,-,-,-,-,-,-,-,-,-,-,8.0,False,286
285,rsfs10,/usr/share/fonts/truetype/lyx/rsfs10.ttf,-,-,-,-,-,-,-,-,-,-,-,-,-,-,-,-,-,-,-,-,-,-,-,-,-,-,-,-,-,-,-,-,-,-,-,-,-,-,-,11.0,False,287
286,stmary10,/usr/share/fonts/truetype/lyx/stmary10.ttf,-,-,-,-,-,-,-,-,-,-,-,-,-,-,-,-,-,-,-,-,-,-,-,-,-,-,-,-,-,-,-,-,-,-,-,-,-,-,-,31.0,False,288
287,wasy10,/usr/share/fonts/truetype/lyx/wasy10.ttf,-,-,-,-,-,-,-,-,-,-,-,-,-,-,-,-,-,-,-,-,-,-,-,-,-,-,-,-,-,-,-,-,-,-,-,-,-,-,-,26.0,False,289
